5,0.88,-0.1,1,6.42925,1.75188,1.69744,0.0606314,6915.68,0.0588299
5,0.88,-0.1,2,6.61108,1.9555,1.73247,0.0476913,7052.97,0.046572
5,0.88,-0.1,3,6.55479,1.91051,1.69641,0.0507542,6911.63,0.0494877
5,0.88,-0.1,4,6.50912,2.02015,1.69984,0.0576454,6925.2,0.0560154
5,0.88,-0.1,5,6.51634,2.00347,1.68547,0.0532356,6868.14,0.0518434
5,0.88,-0.1,6,6.51424,1.98638,1.69318,0.0548405,6898.8,0.0533638
5,0.88,-0.1,7,6.48274,1.84573,1.71134,0.0567609,6970.49,0.0551801
5,0.88,-0.1,8,6.54105,2.01738,1.63621,0.0504895,6668.82,0.0492361
5,0.88,-0.1,9,6.49516,2.01307,1.63891,0.0580587,6679.88,0.0564054
5,0.88,-0.1,10,6.49484,2.01935,1.71623,0.060454,6989.67,0.0586629
5,0.88,-0.1,11,6.50266,1.95506,1.63917,0.0554267,6680.96,0.0539186
5,0.88,-0.1,12,6.48266,1.98553,1.71327,0.0613633,6978.09,0.0595185
5,0.88,-0.1,13,6.50749,1.91662,1.67676,0.0531666,6833.33,0.051778
5,0.88,-0.1,14,6.51631,1.92924,1.66898,0.0553984,6802.06,0.0538919
5,0.88,-0.1,15,6.46679,1.9273,1.67234,0.0616781,6815.59,0.0598146
5,0.88,-0.1,16,6.51026,1.94943,1.68218,0.0531485,6855.01,0.0517608
5,0.88,-0.1,17,6.52642,2.04551,1.70007,0.0550961,6926.09,0.0536058
5,0.88,-0.1,18,6.52978,1.98186,1.61036,0.0510636,6561.81,0.0497818
5,0.88,-0.1,19,6.50997,1.93083,1.60519,0.0541404,6540.19,0.0527009
5,0.88,-0.1,20,6.54471,1.99078,1.69163,0.0516143,6892.63,0.0503049
5,0.88,-0.1,21,6.52382,1.96865,1.70152,0.0541616,6931.83,0.052721
5,0.88,-0.1,22,6.54631,1.96563,1.62433,0.0483556,6619.83,0.0472051
5,0.88,-0.1,23,6.51528,2.00589,1.65292,0.0533636,6737.08,0.0519647
5,0.88,-0.1,24,6.47386,1.94434,1.61954,0.0594877,6600.01,0.0577528
5,0.88,-0.1,25,6.54434,1.97478,1.63466,0.0491485,6662.43,0.0479603
5,0.88,-0.1,26,6.44289,1.91384,1.62444,0.0616938,6620.3,0.0598293
5,0.88,-0.1,27,6.5662,1.9878,1.69516,0.0494749,6906.66,0.0482709
5,0.88,-0.1,28,6.48393,2.07634,1.63774,0.0617921,6675.07,0.0599217
5,0.88,-0.1,29,6.55883,1.93147,1.69529,0.0479421,6907.18,0.046811
5,0.88,-0.1,30,6.46552,2.00417,1.74809,0.0666721,7113.3,0.0644981
5,0.88,-0.1,31,6.52629,2.04716,1.69366,0.0555602,6900.72,0.0540449
5,0.88,-0.1,32,6.60286,2.06532,1.64417,0.0456191,6701.43,0.0445942
5,0.88,-0.1,33,6.57565,2.01075,1.68635,0.0495281,6871.64,0.0483216
5,0.88,-0.1,34,6.4647,1.98659,1.6387,0.0595923,6679.03,0.0578514
5,0.88,-0.1,35,6.52105,2.04189,1.65826,0.0565829,6758.78,0.0550119
5,0.88,-0.1,36,6.52107,1.92362,1.75448,0.0558864,7137.82,0.0543534
5,0.88,-0.1,37,6.54058,1.93041,1.67408,0.0494539,6822.57,0.048251
5,0.88,-0.1,38,6.45395,1.96203,1.66187,0.0612587,6773.39,0.0594201
5,0.88,-0.1,39,6.42684,2.07796,1.67113,0.0705851,6810.73,0.0681515
5,0.88,-0.1,40,6.51514,1.98409,1.75978,0.0594003,7158.06,0.0576705
5,0.88,-0.1,41,6.61815,2.03183,1.70649,0.0452683,6951.44,0.044259
5,0.88,-0.1,42,6.51878,2.01196,1.72344,0.0579172,7017.83,0.0562719
5,0.88,-0.1,43,6.5765,2.1135,1.66657,0.0505198,6792.37,0.0492649
5,0.88,-0.1,44,6.4812,2.00262,1.64278,0.057841,6695.74,0.0562
5,0.88,-0.1,45,6.50349,1.87543,1.68685,0.0527814,6873.64,0.0514126
5,0.88,-0.1,46,6.56474,2.07413,1.72477,0.0522235,7023.03,0.0508833
5,0.88,-0.1,47,6.47755,1.92371,1.59974,0.0548771,6517.34,0.0533985
5,0.88,-0.1,48,6.57166,2.01103,1.66302,0.0479118,6778.01,0.0467822
5,0.88,-0.1,49,6.48817,1.90408,1.65329,0.0533111,6738.6,0.051915
5,0.88,-0.1,50,6.58325,1.97855,1.67373,0.0460671,6821.17,0.0450221
5,0.88,-0.3,1,6.56703,1.93334,1.69286,0.0498741,6897.55,0.0486509
5,0.88,-0.3,2,6.5196,2.02506,1.75648,0.0580893,7145.45,0.0564343
5,0.88,-0.3,3,6.53743,1.92637,1.78264,0.0552454,7244.79,0.053747
5,0.88,-0.3,4,6.49715,1.94774,1.73048,0.0595656,7045.24,0.0578262
5,0.88,-0.3,5,6.4916,1.93909,1.66644,0.056831,6791.84,0.0552463
5,0.88,-0.3,6,6.54906,1.99543,1.67418,0.0509812,6822.99,0.0497034
5,0.88,-0.3,7,6.47925,2.08088,1.68862,0.0630386,6880.68,0.0610928
5,0.88,-0.3,8,6.71221,2.17562,1.74752,0.0415881,7111.09,0.0407352
5,0.88,-0.3,9,6.60082,1.94663,1.74693,0.0465001,7108.82,0.0454355
5,0.88,-0.3,10,6.60844,2.10382,1.71312,0.0490081,6977.49,0.0478265
5,0.88,-0.3,11,6.59788,2.05659,1.75383,0.0492331,7135.3,0.0480408
5,0.88,-0.3,12,6.5102,1.91217,1.7283,0.0554521,7036.76,0.0539427
5,0.88,-0.3,13,6.51483,1.92501,1.78251,0.0560304,7244.33,0.0544896
5,0.88,-0.3,14,6.52951,1.91786,1.789,0.0564763,7268.75,0.0549111
5,0.88,-0.3,15,6.56163,1.88655,1.73723,0.0495198,7071.4,0.0483136
5,0.88,-0.3,16,6.59143,1.8886,1.75712,0.0447721,7147.9,0.0437846
5,0.88,-0.3,17,6.55383,2.02352,1.62578,0.0505253,6625.82,0.0492701
5,0.88,-0.3,18,6.57131,2.02396,1.76151,0.0511645,7164.67,0.0498777
5,0.88,-0.3,19,6.48141,2.06669,1.66247,0.0605811,6775.82,0.0587825
5,0.88,-0.3,20,6.57271,2.0608,1.75258,0.052039,7130.53,0.0507082
5,0.88,-0.3,21,6.54096,2.0413,1.62411,0.05428,6618.93,0.0528331
5,0.88,-0.3,22,6.57819,1.98907,1.74384,0.0498386,7096.92,0.048617
5,0.88,-0.3,23,6.50086,1.88254,1.73144,0.0534294,7048.95,0.0520272
5,0.88,-0.3,24,6.5355,2.02515,1.71424,0.0542968,6981.87,0.0528491
5,0.88,-0.3,25,6.44102,1.88377,1.65162,0.0644229,6731.78,0.0623916
5,0.88,-0.3,26,6.55201,1.92918,1.6792,0.0489386,6843.08,0.0477604
5,0.88,-0.3,27,6.55709,2.16299,1.64671,0.0546644,6711.8,0.0531971
5,0.88,-0.3,28,6.52898,1.96055,1.73213,0.0538897,7051.66,0.0524634
5,0.88,-0.3,29,6.57543,1.95789,1.74752,0.0490372,7111.1,0.0478543
5,0.88,-0.3,30,6.53892,1.98249,1.74741,0.0542688,7110.65,0.0528225
5,0.88,-0.3,31,6.56668,1.99833,1.71369,0.0495579,6979.73,0.0483499
5,0.88,-0.3,32,6.46519,2.0055,1.79926,0.0673943,7307.15,0.0651734
5,0.88,-0.3,33,6.49409,1.98679,1.75328,0.0606841,7133.2,0.0588795
5,0.88,-0.3,34,6.59554,1.90906,1.79509,0.0471614,7291.57,0.0460665
5,0.88,-0.3,35,6.51211,2.01893,1.65518,0.0560131,6746.28,0.0544732
5,0.88,-0.3,36,6.64468,2.06479,1.64648,0.0438131,6710.87,0.0428672
5,0.88,-0.3,37,6.48222,1.94933,1.75233,0.0582017,7129.56,0.0565404
5,0.88,-0.3,38,6.5409,2.07174,1.68466,0.0564198,6864.93,0.0548577
5,0.88,-0.3,39,6.52075,1.97765,1.72719,0.0567863,7032.45,0.055204
5,0.88,-0.3,40,6.54344,1.92146,1.68508,0.0493971,6866.57,0.0481969
5,0.88,-0.3,41,6.4478,2.03348,1.70423,0.0688494,6942.53,0.0665328
5,0.88,-0.3,42,6.54135,1.93431,1.73541,0.0503956,7064.34,0.0491468
5,0.88,-0.3,43,6.48764,1.92263,1.75522,0.060293,7140.65,0.0585114
5,0.88,-0.3,44,6.6319,2.07109,1.69801,0.0436273,6917.94,0.0426893
5,0.88,-0.3,45,6.60306,1.92549,1.65106,0.0443818,6729.53,0.0434113
5,0.88,-0.3,46,6.52574,2.04958,1.71234,0.0561836,6974.45,0.0546344
5,0.88,-0.3,47,6.58434,2.21379,1.73786,0.0545823,7073.84,0.0531195
5,0.88,-0.3,48,6.49443,2.03025,1.66783,0.0626667,6797.46,0.0607436
5,0.88,-0.3,49,6.54279,1.93713,1.77046,0.0544735,7198.73,0.0530164
5,0.88,-0.3,50,6.50099,1.96485,1.65901,0.0570782,6761.82,0.0554798
5,0.88,-0.5,1,6.46279,2.06877,1.71549,0.0712776,6986.79,0.0687966
5,0.88,-0.5,2,6.46219,1.92994,1.73625,0.0612171,7067.6,0.059381
5,0.88,-0.5,3,6.54587,1.96539,1.76823,0.0545167,7190.26,0.0530573
5,0.88,-0.5,4,6.56832,1.89078,1.70096,0.0487213,6929.62,0.0475534
5,0.88,-0.5,5,6.6409,2.02372,1.68776,0.0440034,6877.28,0.0430493
5,0.88,-0.5,6,6.54378,1.97249,1.77703,0.0541027,7223.63,0.0526652
5,0.88,-0.5,7,6.5251,1.87252,1.72691,0.0522743,7031.35,0.0509315
5,0.88,-0.5,8,6.54963,2.04561,1.66935,0.0526374,6803.55,0.0512761
5,0.88,-0.5,9,6.60665,1.92702,1.76817,0.0453144,7190.02,0.044303
5,0.88,-0.5,10,6.459,1.99872,1.72873,0.0659521,7038.46,0.0638243
5,0.88,-0.5,11,6.54681,2.07636,1.80152,0.0587549,7315.58,0.0570621
5,0.88,-0.5,12,6.4885,1.89622,1.78115,0.0590138,7239.18,0.0573062
5,0.88,-0.5,13,6.58007,2.02924,1.76763,0.0545374,7187.97,0.0530769
5,0.88,-0.5,14,6.64459,1.9663,1.77072,0.044771,7199.71,0.0437835
5,0.88,-0.5,15,6.50376,1.97216,1.79418,0.0610485,7288.16,0.0592224
5,0.88,-0.5,16,6.60813,1.85369,1.68517,0.0430383,6866.93,0.0421253
5,0.88,-0.5,17,6.57871,2.02017,1.72926,0.0506744,7040.51,0.0494119
5,0.88,-0.5,18,6.53359,1.92071,1.73055,0.0523157,7045.51,0.0509708
5,0.88,-0.5,19,6.49999,1.87302,1.77907,0.0610627,7231.34,0.0592358
5,0.88,-0.5,20,6.59696,2.01862,1.7217,0.049091,7011.07,0.0479055
5,0.88,-0.5,21,6.57219,1.95837,1.7194,0.0487502,7002.06,0.047581
5,0.88,-0.5,22,6.60165,2.00309,1.80278,0.0484416,7320.28,0.047287
5,0.88,-0.5,23,6.62037,1.90159,1.83208,0.0440209,7428.63,0.043066
5,0.88,-0.5,24,6.61641,1.98728,1.81687,0.0493439,7372.63,0.0481463
5,0.88,-0.5,25,6.502,1.85462,1.78416,0.0571183,7250.53,0.0555177
5,0.88,-0.5,26,6.54518,2.1064,1.78141,0.0574793,7240.18,0.0558586
5,0.88,-0.5,27,6.49679,1.82101,1.77546,0.0569159,7217.67,0.0553265
5,0.88,-0.5,28,6.47802,1.91806,1.76888,0.0647079,7192.73,0.0626588
5,0.88,-0.5,29,6.5277,1.93058,1.77142,0.0556324,7202.35,0.0541132
5,0.88,-0.5,30,6.4761,1.94644,1.74635,0.0632715,7106.57,0.0613114
5,0.88,-0.5,31,6.57379,2.0265,1.72701,0.050228,7031.75,0.0489874
5,0.88,-0.5,32,6.59964,2.02824,1.65058,0.0477728,6727.58,0.0466496
5,0.88,-0.5,33,6.47311,2.07847,1.7279,0.0680562,7035.21,0.0657921
5,0.88,-0.5,34,6.55198,1.95929,1.68929,0.0490674,6883.34,0.0478831
5,0.88,-0.5,35,6.68981,2.14017,1.72687,0.042917,7031.22,0.0420091
5,0.88,-0.5,36,6.52794,1.95431,1.7508,0.0539069,7123.7,0.0524797
5,0.88,-0.5,37,6.50715,1.88138,1.72456,0.0540483,7022.22,0.0526137
5,0.88,-0.5,38,6.49238,1.95018,1.69514,0.059264,6906.59,0.0575421
5,0.88,-0.5,39,6.58117,1.87052,1.6525,0.0462532,6735.4,0.0451998
5,0.88,-0.5,40,6.51701,1.93939,1.75475,0.0578248,7138.83,0.0561848
5,0.88,-0.5,41,6.44583,1.97348,1.74447,0.0709895,7099.36,0.0685283
5,0.88,-0.5,42,6.56688,2.09741,1.78645,0.0573987,7259.14,0.0557825
5,0.88,-0.5,43,6.55595,1.9242,1.75638,0.0524439,7145.08,0.0510924
5,0.88,-0.5,44,6.43897,1.93163,1.69901,0.0677446,6921.89,0.0655009
5,0.88,-0.5,45,6.54006,2.04662,1.68029,0.0554571,6847.44,0.0539474
5,0.88,-0.5,46,6.62304,2.12485,1.68499,0.0471707,6866.22,0.0460755
5,0.88,-0.5,47,6.60804,2.05632,1.73433,0.0481757,7060.17,0.0470337
5,0.88,-0.5,48,6.53652,2.0245,1.71397,0.0553506,6980.81,0.0538467
5,0.88,-0.5,49,6.62381,1.94477,1.83869,0.047796,7452.83,0.0466718
5,0.88,-0.5,50,6.54305,1.97584,1.72473,0.0523402,7022.9,0.0509941
10,0.88,-0.1,1,6.98863,2.27147,2.71333,0.0636534,10067.7,0.0616698
10,0.88,-0.1,2,6.9191,2.13728,2.69989,0.074633,10034.4,0.071916
10,0.88,-0.1,3,6.93948,2.33857,2.73268,0.0787983,10115.5,0.0757737
10,0.88,-0.1,4,6.86313,2.46261,2.64304,0.0936353,9891.38,0.0893852
10,0.88,-0.1,5,6.87731,2.20905,2.67458,0.0785769,9971.09,0.0755691
10,0.88,-0.1,6,7.01169,2.17334,2.71335,0.0599412,10067.8,0.0581801
10,0.88,-0.1,7,6.86541,2.1375,2.65368,0.0794579,9918.37,0.0763831
10,0.88,-0.1,8,6.89979,2.09626,2.64596,0.0733941,9898.79,0.0707655
10,0.88,-0.1,9,6.98849,2.44919,2.64331,0.0656261,9892.05,0.0635191
10,0.88,-0.1,10,7.05277,2.25704,2.66497,0.0518578,9946.91,0.0505361
10,0.88,-0.1,11,6.85598,2.3146,2.67499,0.0905328,9972.11,0.0865557
10,0.88,-0.1,12,6.94323,2.14981,2.76183,0.0711282,10186.8,0.0686575
10,0.88,-0.1,13,6.95214,2.3843,2.70716,0.0768835,10052.4,0.0740022
10,0.88,-0.1,14,6.89564,2.41789,2.80016,0.109528,10279.4,0.103743
10,0.88,-0.1,15,6.91848,2.05064,2.65206,0.06664,9914.27,0.064468
10,0.88,-0.1,16,6.9343,2.21011,2.67305,0.0684216,9967.24,0.0661333
10,0.88,-0.1,17,6.90719,2.00311,2.73067,0.0708502,10110.5,0.0683986
10,0.88,-0.1,18,6.88456,1.92765,2.6644,0.0664803,9945.45,0.0643186
10,0.88,-0.1,19,6.9833,2.14177,2.71957,0.0641976,10083.2,0.0621804
10,0.88,-0.1,20,6.88585,2.30933,2.75091,0.0990749,10160.2,0.0943251
10,0.88,-0.1,21,6.90865,2.38929,2.68945,0.0857203,10008.4,0.0821491
10,0.88,-0.1,22,6.93793,2.09737,2.7042,0.0730427,10045.1,0.0704389
10,0.88,-0.1,23,7.0365,2.32506,2.70932,0.0637234,10057.8,0.0617355
10,0.88,-0.1,24,6.86585,2.39427,2.78721,0.114895,10248.3,0.10854
10,0.88,-0.1,25,6.93328,2.22679,2.73324,0.0815713,10116.9,0.078333
10,0.88,-0.1,26,6.83426,2.39095,2.70624,0.10301,10050.2,0.0978823
10,0.88,-0.1,27,6.88708,2.25816,2.76174,0.0845601,10186.6,0.0810835
10,0.88,-0.1,28,6.93897,2.24716,2.69221,0.0737207,10015.2,0.0710689
10,0.88,-0.1,29,7.03755,2.30016,2.73178,0.0627493,10113.3,0.0608211
10,0.88,-0.1,30,6.95013,2.33388,2.6687,0.0782403,9956.28,0.0752578
10,0.88,-0.1,31,6.95127,2.36366,2.74361,0.0781571,10142.3,0.0751809
10,0.88,-0.1,32,6.95246,2.31708,2.72318,0.0746895,10092.1,0.0719684
10,0.88,-0.1,33,6.99747,2.29797,2.65273,0.0620595,9915.95,0.060173
10,0.88,-0.1,34,6.88589,1.99064,2.70556,0.0756962,10048.5,0.0729022
10,0.88,-0.1,35,6.9058,2.26249,2.68439,0.0789963,9995.69,0.0759567
10,0.88,-0.1,36,6.8409,2.15449,2.71476,0.101365,10071.3,0.096397
10,0.88,-0.1,37,6.95354,2.21811,2.64673,0.0700505,9900.74,0.0676533
10,0.88,-0.1,38,7.00658,2.16576,2.74701,0.064561,10150.6,0.0625211
10,0.88,-0.1,39,6.90421,2.12602,2.67491,0.0644683,9971.91,0.0624342
10,0.88,-0.1,40,6.84827,2.2456,2.71582,0.0926023,10073.9,0.088444
10,0.88,-0.1,41,6.87998,2.07023,2.68336,0.0767542,9993.12,0.0738825
10,0.88,-0.1,42,6.9248,2.26575,2.69372,0.0789079,10019,0.075875
10,0.88,-0.1,43,6.85046,2.37654,2.77368,0.11395,10215.6,0.107697
10,0.88,-0.1,44,6.86539,2.56783,2.71524,0.121188,10072.5,0.114133
10,0.88,-0.1,45,6.96377,2.07116,2.63719,0.0622609,9876.47,0.0603623
10,0.88,-0.1,46,6.97614,2.19689,2.65552,0.0653972,9923.03,0.0633047
10,0.88,-0.1,47,6.94788,2.4693,2.69951,0.0850956,10033.4,0.0815756
10,0.88,-0.1,48,7.02062,2.31642,2.6624,0.060708,9940.41,0.058902
10,0.88,-0.1,49,6.9988,2.09268,2.73352,0.0692204,10117.6,0.066879
10,0.88,-0.1,50,6.8684,1.9029,2.67186,0.0697175,9964.25,0.0673428
10,0.88,-0.3,1,6.93373,2.20052,2.74612,0.0799256,10148.5,0.076815
10,0.88,-0.3,2,6.98934,2.4203,2.75755,0.0816599,10176.4,0.0784147
10,0.88,-0.3,3,6.96297,2.25844,2.65771,0.0830756,9928.56,0.0797184
10,0.88,-0.3,4,7.05794,1.96973,2.7612,0.0535118,10185.3,0.0521053
10,0.88,-0.3,5,6.98637,2.15908,2.73835,0.0752809,10129.4,0.0725171
10,0.88,-0.3,6,6.91722,2.0499,2.77445,0.0846981,10217.4,0.0812104
10,0.88,-0.3,7,7.0304,2.18507,2.73553,0.0608933,10122.5,0.0590764
10,0.88,-0.3,8,6.91467,2.20982,2.81052,0.10493,10304.2,0.0996129
10,0.88,-0.3,9,6.98256,2.30674,2.77345,0.0794636,10215,0.0763884
10,0.88,-0.3,10,6.99389,2.06655,2.79569,0.0684545,10268.7,0.066164
10,0.88,-0.3,11,7.03462,2.15489,2.71298,0.0629899,10066.9,0.061047
10,0.88,-0.3,12,6.92465,2.33274,2.78803,0.108561,10250.3,0.102876
10,0.88,-0.3,13,6.97909,2.07611,2.7222,0.0684941,10089.7,0.0662011
10,0.88,-0.3,14,7.13796,2.20133,2.769,0.0596802,10204.2,0.0579342
10,0.88,-0.3,15,7.05118,2.08231,2.75803,0.0651749,10177.6,0.0630964
10,0.88,-0.3,16,6.92217,2.39081,2.69453,0.09116,10021,0.0871284
10,0.88,-0.3,17,6.97762,2.07756,2.72385,0.0693629,10093.8,0.067012
10,0.88,-0.3,18,6.86568,2.18534,2.65925,0.0979095,9932.46,0.093269
10,0.88,-0.3,19,7.01496,2.06961,2.78837,0.0669053,10251.1,0.0647162
10,0.88,-0.3,20,7.0764,2.06247,2.77977,0.0546497,10230.3,0.0531832
10,0.88,-0.3,21,6.9564,1.98072,2.77376,0.0767337,10215.8,0.0738636
10,0.88,-0.3,22,7.01353,2.32567,2.80922,0.0754916,10301.1,0.0727125
10,0.88,-0.3,23,6.8528,2.33316,2.75206,0.125103,10163,0.117594
10,0.88,-0.3,24,6.95388,2.17298,2.79942,0.0835357,10277.6,0.0801417
10,0.88,-0.3,25,6.98249,2.18064,2.84205,0.0825707,10379.2,0.0792537
10,0.88,-0.3,26,7.03878,1.84789,2.80454,0.0522866,10289.9,0.0509432
10,0.88,-0.3,27,6.89787,2.28008,2.75239,0.107756,10163.8,0.102153
10,0.88,-0.3,28,6.95121,2.25595,2.74747,0.0849458,10151.8,0.0814379
10,0.88,-0.3,29,6.91953,2.0097,2.73649,0.0852115,10124.9,0.081682
10,0.88,-0.3,30,6.87944,2.22128,2.68452,0.103779,9996.02,0.0985755
10,0.88,-0.3,31,6.90985,2.20998,2.77271,0.0962733,10213.2,0.0917843
10,0.88,-0.3,32,6.97952,2.0566,2.67628,0.0637695,9975.35,0.0617788
10,0.88,-0.3,33,6.9623,2.14783,2.77644,0.0775691,10222.3,0.0746369
10,0.88,-0.3,34,6.97024,2.14385,2.6819,0.0674974,9989.45,0.0652698
10,0.88,-0.3,35,6.97041,2.1573,2.76976,0.0749938,10206.1,0.0722508
10,0.88,-0.3,36,7.04159,2.0016,2.75418,0.0545084,10168.2,0.0530495
10,0.88,-0.3,37,6.98555,2.08233,2.74641,0.0688642,10149.2,0.0665465
10,0.88,-0.3,38,7.03492,2.14218,2.75652,0.0634103,10173.9,0.0614417
10,0.88,-0.3,39,6.92774,2.19505,2.81163,0.0911756,10306.9,0.0871426
10,0.88,-0.3,40,7.06694,2.33005,2.88015,0.066333,10468.7,0.0641809
10,0.88,-0.3,41,6.92467,2.35655,2.78037,0.103556,10231.8,0.0983747
10,0.88,-0.3,42,6.99059,2.0664,2.75715,0.068107,10175.4,0.0658395
10,0.88,-0.3,43,6.89525,2.35874,2.70089,0.108236,10036.9,0.102584
10,0.88,-0.3,44,6.99365,1.88118,2.70289,0.057914,10041.9,0.0562689
10,0.88,-0.3,45,6.95961,2.31614,2.75199,0.0877839,10162.8,0.0840412
10,0.88,-0.3,46,6.95806,2.11523,2.75247,0.0853637,10164,0.0818217
10,0.88,-0.3,47,7.04082,2.17768,2.77294,0.0675029,10213.8,0.065275
10,0.88,-0.3,48,6.89793,2.34236,2.71445,0.0917856,10070.5,0.0876993
10,0.88,-0.3,49,7.02558,1.90206,2.77399,0.05972,10216.3,0.0579717
10,0.88,-0.3,50,6.99955,2.24317,2.78354,0.0708906,10239.4,0.0684362
10,0.88,-0.5,1,7.0172,2.22502,2.80303,0.0847641,10286.3,0.081271
10,0.88,-0.5,2,6.97111,2.10006,2.82454,0.106162,10337.7,0.100721
10,0.88,-0.5,3,6.90528,2.49913,2.72985,0.129781,10108.5,0.121712
10,0.88,-0.5,4,7.16645,2.12954,2.84842,0.0590049,10394.3,0.0572978
10,0.88,-0.5,5,6.88814,1.96911,2.7183,0.0971104,10080,0.0925442
10,0.88,-0.5,6,7.13713,1.96786,2.86503,0.0608364,10433.3,0.0590228
10,0.88,-0.5,7,6.93222,2.34248,2.78866,0.122793,10251.8,0.115553
10,0.88,-0.5,8,6.96658,2.18668,2.77408,0.0951061,10216.5,0.0907236
10,0.88,-0.5,9,7.02532,2.12793,2.79589,0.077619,10269.2,0.0746831
10,0.88,-0.5,10,6.94389,2.22798,2.81822,0.108881,10322.6,0.103163
10,0.88,-0.5,11,6.99016,1.90235,2.86573,0.0891463,10435,0.0852883
10,0.88,-0.5,12,7.16676,2.34788,2.75771,0.0638498,10176.8,0.0618541
10,0.88,-0.5,13,7.00469,2.416,2.82048,0.105267,10328,0.0999158
10,0.88,-0.5,14,7.03465,2.15156,2.83326,0.0823265,10358.4,0.0790288
10,0.88,-0.5,15,7.09771,2.18213,2.77472,0.0649222,10218.1,0.0628596
10,0.88,-0.5,16,7.07445,1.95893,2.77215,0.0619284,10211.9,0.0600498
10,0.88,-0.5,17,6.8779,2.42893,2.7221,0.13958,10089.4,0.130276
10,0.88,-0.5,18,6.95249,2.07895,2.78826,0.10677,10250.8,0.101268
10,0.88,-0.5,19,7.09166,2.08761,2.79548,0.0654908,10268.2,0.0633924
10,0.88,-0.5,20,7.04175,2.2127,2.83061,0.0822789,10352.1,0.0789849
10,0.88,-0.5,21,7.07801,2.23824,2.79841,0.0681703,10275.2,0.0658986
10,0.88,-0.5,22,6.94488,2.16,2.86303,0.127825,10428.6,0.119993
10,0.88,-0.5,23,7.1654,2.05304,2.88022,0.0571514,10468.9,0.0555489
10,0.88,-0.5,24,7.09927,2.24067,2.74556,0.0654956,10147.1,0.0633968
10,0.88,-0.5,25,7.06602,1.9454,2.89966,0.0711474,10514.1,0.0686754
10,0.88,-0.5,26,6.95365,2.02557,2.80463,0.102821,10290.1,0.0977115
10,0.88,-0.5,27,7.04885,2.03446,2.79877,0.0694235,10276.1,0.0670685
10,0.88,-0.5,28,6.98334,2.27006,2.70031,0.08389,10035.4,0.0804676
10,0.88,-0.5,29,6.96492,2.22828,2.76754,0.0909919,10200.7,0.0869749
10,0.88,-0.5,30,6.95907,2.18468,2.88344,0.122252,10476.4,0.115074
10,0.88,-0.5,31,6.98419,2.25531,2.88932,0.117572,10490.1,0.110923
10,0.88,-0.5,32,7.24317,2.01125,2.83531,0.0482101,10363.3,0.0470665
10,0.88,-0.5,33,7.14008,1.95614,2.84505,0.0571945,10386.3,0.0555896
10,0.88,-0.5,34,7.24039,2.17468,2.84981,0.0534975,10397.5,0.0520917
10,0.88,-0.5,35,7.34916,2.13534,2.84913,0.0419332,10395.9,0.0410662
10,0.88,-0.5,36,6.95029,2.2385,2.83454,0.114183,10361.4,0.107905
10,0.88,-0.5,37,7.04451,2.12217,2.90245,0.0849194,10520.5,0.0814137
10,0.88,-0.5,38,7.06579,1.96222,2.80291,0.0668961,10286,0.0647076
10,0.88,-0.5,39,7.13279,2.37419,2.87142,0.0717888,10448.3,0.0692726
10,0.88,-0.5,40,7.18942,2.32958,2.78126,0.0596124,10233.9,0.0578703
10,0.88,-0.5,41,7.06279,2.09921,2.86063,0.0782407,10423,0.0752582
10,0.88,-0.5,42,7.0618,2.01333,2.83692,0.0666076,10367.1,0.0644378
10,0.88,-0.5,43,7.23379,2.1813,2.79405,0.0499405,10264.8,0.0487139
10,0.88,-0.5,44,7.04509,2.07339,2.83456,0.077387,10361.5,0.0744684
10,0.88,-0.5,45,6.93521,2.42824,2.86785,0.153288,10439.9,0.142117
10,0.88,-0.5,46,6.95676,2.23316,2.72012,0.0813067,10084.5,0.0780891
10,0.88,-0.5,47,6.99804,2.15196,2.79175,0.0812999,10259.2,0.0780828
10,0.88,-0.5,48,7.02556,2.21439,2.73385,0.0741681,10118.4,0.0714844
10,0.88,-0.5,49,7.05199,2.12363,2.74767,0.0714846,10152.3,0.0689894
10,0.88,-0.5,50,6.84341,2.60751,2.79878,0.227239,10276.1,0.20327
15,0.88,-0.1,1,7.45093,2.87234,3.25894,0.125622,11299,0.118052
15,0.88,-0.1,2,7.41609,2.80217,3.26528,0.160576,11312.1,0.148347
15,0.88,-0.1,3,7.58973,2.29268,3.21278,0.0660125,11203.2,0.0638809
15,0.88,-0.1,4,7.35511,2.29296,3.11084,0.0904958,10986.5,0.0865218
15,0.88,-0.1,5,7.34328,3.37278,3.19696,0.225258,11170,0.20169
15,0.88,-0.1,6,7.43663,2.47686,3.21732,0.0980661,11212.6,0.093411
15,0.88,-0.1,7,7.41951,2.45623,3.19235,0.101227,11160.3,0.0962726
15,0.88,-0.1,8,7.36386,2.95682,3.17691,0.177674,11127.7,0.162784
15,0.88,-0.1,9,7.39938,2.3812,3.18518,0.104482,11145.2,0.0992091
15,0.88,-0.1,10,7.42873,2.34048,3.18643,0.103131,11147.8,0.0979908
15,0.88,-0.1,11,7.3789,3.35533,3.23768,0.215614,11255,0.193953
15,0.88,-0.1,12,7.49374,2.4742,3.23573,0.0893004,11251,0.0854292
15,0.88,-0.1,13,7.38226,2.99342,3.13205,0.155624,11032.1,0.144119
15,0.88,-0.1,14,7.36553,2.40147,3.25906,0.116919,11299.3,0.110343
15,0.88,-0.1,15,7.55677,2.14996,3.26723,0.0655729,11316.1,0.0634693
15,0.88,-0.1,16,7.38086,2.62605,3.24251,0.136525,11265.1,0.127615
15,0.88,-0.1,17,7.39968,2.71534,3.21796,0.154308,11214,0.142992
15,0.88,-0.1,18,7.41034,2.73794,3.20915,0.141385,11195.6,0.131845
15,0.88,-0.1,19,7.39997,2.7515,3.18268,0.144,11139.9,0.134112
15,0.88,-0.1,20,7.34544,3.30418,3.27428,0.289035,11330.6,0.251014
15,0.88,-0.1,21,7.538,2.30832,3.27247,0.0825162,11326.9,0.0792035
15,0.88,-0.1,22,7.42408,2.66755,3.16529,0.118642,11103.1,0.111874
15,0.88,-0.1,23,7.38519,2.67726,3.166,0.142096,11104.6,0.132462
15,0.88,-0.1,24,7.42736,2.57991,3.16658,0.111662,11105.8,0.105654
15,0.88,-0.1,25,7.311,2.51879,3.18058,0.138934,11135.5,0.129714
15,0.88,-0.1,26,7.36438,2.97727,3.15265,0.182058,11076.2,0.166447
15,0.88,-0.1,27,7.52101,2.57657,3.17109,0.0792596,11115.4,0.0761999
15,0.88,-0.1,28,7.38139,3.23647,3.28307,0.221084,11348.6,0.19835
15,0.88,-0.1,29,7.41836,2.59564,3.23599,0.125811,11251.5,0.118219
15,0.88,-0.1,30,7.36719,2.95289,3.2076,0.164205,11192.3,0.151432
15,0.88,-0.1,31,7.48037,2.44576,3.18135,0.0885084,11137.1,0.0847045
15,0.88,-0.1,32,7.40514,2.60214,3.25622,0.136417,11293.4,0.127522
15,0.88,-0.1,33,7.50288,2.31091,3.21823,0.0841312,11214.5,0.0806894
15,0.88,-0.1,34,7.42298,2.72624,3.28329,0.130725,11349,0.122541
15,0.88,-0.1,35,7.4588,2.74811,3.22132,0.122057,11221,0.114902
15,0.88,-0.1,36,7.37935,2.94637,3.20535,0.145949,11187.6,0.135798
15,0.88,-0.1,37,7.3878,2.62339,3.20186,0.164736,11180.3,0.151883
15,0.88,-0.1,38,7.39711,3.38446,3.25642,0.263293,11293.8,0.231483
15,0.88,-0.1,39,7.49547,2.11143,3.24586,0.073967,11272,0.0712977
15,0.88,-0.1,40,7.36363,3.33714,3.25111,0.243975,11282.9,0.216493
15,0.88,-0.1,41,7.51073,2.20744,3.27211,0.0701488,11326.1,0.0677449
15,0.88,-0.1,42,7.52098,2.25709,3.21753,0.0720823,11213.1,0.0695457
15,0.88,-0.1,43,7.43327,2.19168,3.13371,0.0762056,11035.7,0.0733743
15,0.88,-0.1,44,7.48491,2.51377,3.20948,0.0927234,11196.3,0.0885544
15,0.88,-0.1,45,7.31236,3.2538,3.15892,0.276719,11089.6,0.241733
15,0.88,-0.1,46,7.33554,2.54472,3.2343,0.17565,11248,0.161088
15,0.88,-0.1,47,7.54946,2.3203,3.24955,0.0725214,11279.6,0.0699542
15,0.88,-0.1,48,7.59351,2.61159,3.29161,0.0853672,11366.1,0.0818249
15,0.88,-0.1,49,7.41655,2.55068,3.13145,0.11042,11030.9,0.104542
15,0.88,-0.1,50,7.37666,2.99705,3.20212,0.173285,11180.8,0.159102
15,0.88,-0.3,1,7.46037,2.83656,3.20264,0.132213,11181.9,0.123845
15,0.88,-0.3,2,7.60596,2.32621,3.24085,0.080744,11261.6,0.0775702
15,0.88,-0.3,3,7.45453,2.99843,3.17474,0.204036,11123.1,0.184567
15,0.88,-0.3,4,7.44076,3.01545,3.19609,0.185615,11168.2,0.169407
15,0.88,-0.3,5,7.49072,2.84834,3.15344,0.14451,11077.9,0.134554
15,0.88,-0.3,6,7.63917,2.3556,3.2611,0.0807715,11303.5,0.0775956
15,0.88,-0.3,7,7.60097,2.22742,3.24752,0.0751328,11275.4,0.0723797
15,0.88,-0.3,8,7.78398,2.3698,3.2776,0.0546367,11337.4,0.0531709
15,0.88,-0.3,9,7.56355,2.26264,3.28755,0.0957422,11357.8,0.0913017
15,0.88,-0.3,10,7.44136,3.23016,3.21795,0.263003,11214,0.23126
15,0.88,-0.3,11,7.35383,3.00029,3.21886,0.272342,11215.9,0.238406
15,0.88,-0.3,12,7.50427,2.90938,3.21036,0.139607,11198.1,0.1303
15,0.88,-0.3,13,7.56203,2.20963,3.26825,0.100461,11318.2,0.0955794
15,0.88,-0.3,14,7.50542,2.30148,3.17287,0.10147,11119.2,0.0964918
15,0.88,-0.3,15,7.58869,2.48428,3.2929,0.0976883,11368.7,0.0930685
15,0.88,-0.3,16,7.42575,3.34968,3.2653,0.274496,11312.1,0.240045
15,0.88,-0.3,17,7.54878,2.28247,3.16462,0.078798,11101.7,0.0757734
15,0.88,-0.3,18,7.47445,2.4908,3.21445,0.156838,11206.6,0.145157
15,0.88,-0.3,19,7.71039,2.14278,3.29102,0.0611696,11364.9,0.0593363
15,0.88,-0.3,20,7.45598,2.80972,3.20454,0.1612,11185.9,0.148878
15,0.88,-0.3,21,7.60299,2.32643,3.27195,0.0742913,11325.8,0.0715988
15,0.88,-0.3,22,7.38007,3.45915,3.27628,0.384148,11334.7,0.31897
15,0.88,-0.3,23,7.45731,2.85135,3.24948,0.193114,11279.5,0.175612
15,0.88,-0.3,24,7.44651,2.95196,3.24776,0.174407,11275.9,0.160045
15,0.88,-0.3,25,7.5099,2.79543,3.24167,0.138661,11263.3,0.129477
15,0.88,-0.3,26,7.47408,3.01325,3.29621,0.21536,11375.4,0.193749
15,0.88,-0.3,27,7.50644,2.05667,3.28979,0.0810759,11362.3,0.0778763
15,0.88,-0.3,28,7.54157,2.38987,3.24886,0.0960039,11278.2,0.0915395
15,0.88,-0.3,29,7.45917,2.25717,3.28465,0.137714,11351.8,0.128652
15,0.88,-0.3,30,7.63042,2.26364,3.20972,0.0670391,11196.8,0.0648414
15,0.88,-0.3,31,7.56364,2.23477,3.23672,0.0832664,11253,0.079894
15,0.88,-0.3,32,7.4494,2.17016,3.2868,0.119373,11356.2,0.112524
15,0.88,-0.3,33,7.5064,2.76466,3.222,0.13853,11222.4,0.129363
15,0.88,-0.3,34,7.52941,2.14627,3.27922,0.0999132,11340.7,0.095084
15,0.88,-0.3,35,7.61058,2.60517,3.2427,0.101479,11265.4,0.0965001
15,0.88,-0.3,36,7.53935,2.24056,3.21595,0.0761929,11209.8,0.0733625
15,0.88,-0.3,37,7.51369,2.90095,3.28942,0.171965,11361.6,0.157992
15,0.88,-0.3,38,7.49683,2.70005,3.21723,0.119469,11212.5,0.112609
15,0.88,-0.3,39,7.51997,3.43147,3.24038,0.21491,11260.6,0.193386
15,0.88,-0.3,40,7.44069,2.49025,3.28613,0.137469,11354.9,0.128438
15,0.88,-0.3,41,7.6091,2.95188,3.22714,0.121465,11233.1,0.114378
15,0.88,-0.3,42,7.58691,1.95006,3.19361,0.0636701,11162.9,0.0616855
15,0.88,-0.3,43,7.54229,2.96647,3.29584,0.177841,11374.7,0.162925
15,0.88,-0.3,44,7.42291,3.20161,3.20501,0.250506,11186.9,0.221593
15,0.88,-0.3,45,7.4535,3.02433,3.23689,0.198116,11253.4,0.179725
15,0.88,-0.3,46,7.43358,3.48458,3.27229,0.295162,11326.5,0.255589
15,0.88,-0.3,47,7.4292,2.73533,3.23296,0.202046,11245.2,0.182943
15,0.88,-0.3,48,7.53,2.65954,3.20761,0.109476,11192.3,0.103696
15,0.88,-0.3,49,7.52319,2.9568,3.25272,0.186914,11286.2,0.170485
15,0.88,-0.3,50,7.44057,3.23092,3.19986,0.245092,11176.1,0.217367
15,0.88,-0.5,1,7.65576,2.21954,3.32409,0.116575,11432,0.110037
15,0.88,-0.5,2,7.60913,2.86542,3.24982,0.206618,11280.2,0.18667
15,0.88,-0.5,3,7.6826,1.88318,3.23433,0.0978287,11248.1,0.0931957
15,0.88,-0.5,4,7.64263,2.89395,3.28315,0.178718,11348.8,0.163658
15,0.88,-0.5,5,7.61508,2.09186,3.24984,0.0914682,11280.2,0.0874097
15,0.88,-0.5,6,7.71705,1.98459,3.22841,0.069183,11235.8,0.0668441
15,0.88,-0.5,7,7.55881,3.17553,3.23287,0.273772,11245,0.239495
15,0.88,-0.5,8,7.77506,1.99768,3.30034,0.0628743,11383.8,0.0609385
15,0.88,-0.5,9,7.82952,2.0547,3.30692,0.0652879,11397.2,0.0632023
15,0.88,-0.5,10,7.54887,3.86512,3.26887,0.475407,11319.5,0.378368
15,0.88,-0.5,11,7.66901,2.04696,3.32242,0.112717,11428.7,0.106597
15,0.88,-0.5,12,7.55921,3.8536,3.30172,0.59326,11386.7,0.447477
15,0.88,-0.5,13,7.9089,2.15912,3.28895,0.0605901,11360.6,0.058791
15,0.88,-0.5,14,7.56754,3.03166,3.28117,0.282007,11344.7,0.245731
15,0.88,-0.5,15,7.57915,2.95252,3.26765,0.218934,11317,0.196625
15,0.88,-0.5,16,7.76494,2.04784,3.29066,0.0710115,11364.1,0.0685488
15,0.88,-0.5,17,7.65132,2.69564,3.28741,0.176805,11357.5,0.162056
15,0.88,-0.5,18,7.68232,2.09451,3.31099,0.105252,11405.5,0.0999022
15,0.88,-0.5,19,7.63014,2.09211,3.25369,0.105698,11288.2,0.100303
15,0.88,-0.5,20,7.71375,1.81776,3.25007,0.062392,11280.7,0.0604855
15,0.88,-0.5,21,7.76515,2.24317,3.31702,0.090307,11417.7,0.0863494
15,0.88,-0.5,22,7.58534,2.83009,3.32958,0.268104,11443.1,0.235172
15,0.88,-0.5,23,7.55979,3.15197,3.21683,0.263673,11211.6,0.231776
15,0.88,-0.5,24,7.48115,3.53661,3.23292,0.478552,11245.2,0.38032
15,0.88,-0.5,25,7.52894,3.03644,3.25411,0.346687,11289,0.292973
15,0.88,-0.5,26,7.55412,2.51067,3.23391,0.236928,11247.2,0.210952
15,0.88,-0.5,27,7.69938,2.07242,3.26284,0.0988648,11307.1,0.0941348
15,0.88,-0.5,28,7.7484,2.26115,3.26965,0.0978931,11321.1,0.0932542
15,0.88,-0.5,29,7.59861,3.83205,3.2635,0.418936,11308.4,0.342254
15,0.88,-0.5,30,7.9004,2.00317,3.27599,0.0547663,11334.1,0.0532936
15,0.88,-0.5,31,7.58795,2.87681,3.25746,0.204734,11296,0.185136
15,0.88,-0.5,32,7.59584,2.88333,3.30715,0.245332,11397.7,0.217555
15,0.88,-0.5,33,7.91362,1.98639,3.28406,0.0514681,11350.6,0.0501661
15,0.88,-0.5,34,7.70534,3.50968,3.27289,0.256205,11327.7,0.226016
15,0.88,-0.5,35,7.58988,3.03518,3.29735,0.287656,11377.8,0.24998
15,0.88,-0.5,36,7.58361,3.81073,3.26516,0.400858,11311.8,0.330255
15,0.88,-0.5,37,7.67506,2.23272,3.32828,0.150438,11440.5,0.139669
15,0.88,-0.5,38,7.54378,3.50865,3.26105,0.368968,11303.4,0.308552
15,0.88,-0.5,39,7.60005,2.63734,3.31563,0.220565,11414.9,0.197934
15,0.88,-0.5,40,7.54842,3.34913,3.29026,0.311098,11363.3,0.267358
15,0.88,-0.5,41,7.62113,3.55739,3.30465,0.383033,11392.6,0.31821
15,0.88,-0.5,42,7.7511,2.01661,3.3096,0.0727191,11402.7,0.070138
15,0.88,-0.5,43,7.6374,3.69031,3.3229,0.402295,11429.6,0.331217
15,0.88,-0.5,44,7.62243,2.26701,3.22846,0.122174,11235.9,0.115006
15,0.88,-0.5,45,7.80336,2.29467,3.24854,0.0720582,11277.5,0.0695233
15,0.88,-0.5,46,7.76841,1.93835,3.25335,0.0594031,11287.5,0.0576732
15,0.88,-0.5,47,7.56697,3.13602,3.25245,0.255429,11285.6,0.225416
15,0.88,-0.5,48,7.60793,2.17149,3.26619,0.103531,11313.9,0.098352
15,0.88,-0.5,49,7.68696,2.37924,3.29245,0.118789,11367.8,0.112005
15,0.88,-0.5,50,7.77756,2.00614,3.26193,0.067076,11305.2,0.0648758
20,0.88,-0.1,1,7.87726,3.48456,3.42394,0.216119,11630.9,0.194361
20,0.88,-0.1,2,7.85098,3.69873,3.36631,0.314288,11516.8,0.269691
20,0.88,-0.1,3,7.90493,3.83984,3.46093,0.274491,11703.1,0.240041
20,0.88,-0.1,4,7.83887,3.3792,3.44427,0.286137,11670.7,0.24884
20,0.88,-0.1,5,7.9479,3.30286,3.41874,0.186637,11620.7,0.170255
20,0.88,-0.1,6,8.00932,2.65607,3.38862,0.0984423,11561.2,0.0937521
20,0.88,-0.1,7,7.87048,3.52654,3.44599,0.248662,11674.1,0.220156
20,0.88,-0.1,8,7.87147,2.97415,3.4622,0.234637,11705.6,0.209142
20,0.88,-0.1,9,7.94344,3.49696,3.46233,0.221547,11705.8,0.198722
20,0.88,-0.1,10,7.87854,4.6746,3.39456,0.427523,11573,0.347877
20,0.88,-0.1,11,7.93044,3.29738,3.42269,0.173065,11628.5,0.158917
20,0.88,-0.1,12,7.86017,3.02945,3.3557,0.153138,11495.6,0.141989
20,0.88,-0.1,13,7.92765,3.84659,3.44971,0.341437,11681.3,0.289252
20,0.88,-0.1,14,7.90434,3.67522,3.47548,0.319887,11731.3,0.273769
20,0.88,-0.1,15,8.09417,2.53563,3.4493,0.0892075,11680.5,0.0853443
20,0.88,-0.1,16,7.84809,4.12629,3.42391,0.399699,11630.9,0.329478
20,0.88,-0.1,17,7.9633,3.79737,3.46891,0.223658,11718.6,0.200412
20,0.88,-0.1,18,7.89148,3.01658,3.41082,0.16505,11605.1,0.152149
20,0.88,-0.1,19,8.04238,2.48489,3.44532,0.094813,11672.8,0.090457
20,0.88,-0.1,20,7.8608,3.08508,3.41351,0.187833,11610.4,0.171247
20,0.88,-0.1,21,7.90678,3.18718,3.48256,0.223831,11745,0.200549
20,0.88,-0.1,22,7.86759,4.07843,3.48072,0.336597,11741.4,0.285804
20,0.88,-0.1,23,8.10606,2.29473,3.41508,0.0745331,11613.5,0.0718232
20,0.88,-0.1,24,7.87157,3.45901,3.41843,0.293069,11620.1,0.254029
20,0.88,-0.1,25,7.8991,3.38399,3.4474,0.179286,11676.8,0.164133
20,0.88,-0.1,26,7.97678,2.57834,3.4254,0.101694,11633.8,0.0966938
20,0.88,-0.1,27,7.89234,3.48817,3.46835,0.269262,11717.5,0.236057
20,0.88,-0.1,28,7.88062,3.71933,3.42,0.285587,11623.2,0.248427
20,0.88,-0.1,29,8.00025,2.56394,3.46205,0.111329,11705.3,0.105356
20,0.88,-0.1,30,7.88005,3.13927,3.39515,0.19591,11574.2,0.177914
20,0.88,-0.1,31,7.82,3.47703,3.45866,0.295244,11698.7,0.25565
20,0.88,-0.1,32,7.89453,3.27802,3.42864,0.181736,11640.1,0.166179
20,0.88,-0.1,33,7.90473,3.13382,3.44524,0.201639,11672.6,0.18261
20,0.88,-0.1,34,7.94481,3.35767,3.43638,0.222041,11655.3,0.199118
20,0.88,-0.1,35,7.9374,3.12436,3.45246,0.217023,11686.7,0.195089
20,0.88,-0.1,36,7.94825,2.42922,3.40726,0.118036,11598.1,0.111336
20,0.88,-0.1,37,7.80345,3.80063,3.42336,0.375501,11629.8,0.313055
20,0.88,-0.1,38,7.89413,3.03915,3.43146,0.218769,11645.7,0.196493
20,0.88,-0.1,39,7.89466,4.03372,3.47344,0.365047,11727.4,0.305836
20,0.88,-0.1,40,7.85967,3.45422,3.39537,0.238789,11574.6,0.212419
20,0.88,-0.1,41,7.82739,3.13251,3.43634,0.193855,11655.2,0.176222
20,0.88,-0.1,42,7.95252,3.68292,3.46769,0.261066,11716.2,0.22977
20,0.88,-0.1,43,7.87837,3.90384,3.43516,0.344913,11652.9,0.291718
20,0.88,-0.1,44,7.89135,3.63718,3.44058,0.302977,11663.5,0.261384
20,0.88,-0.1,45,7.86073,4.01763,3.40787,0.303625,11599.3,0.261862
20,0.88,-0.1,46,8.09593,3.12969,3.46194,0.111151,11705.1,0.105196
20,0.88,-0.1,47,7.94773,3.39053,3.44343,0.193691,11669.1,0.176088
20,0.88,-0.1,48,7.89133,3.73093,3.42458,0.281369,11632.2,0.24525
20,0.88,-0.1,49,7.90558,3.3969,3.45584,0.224445,11693.2,0.20104
20,0.88,-0.1,50,7.87947,3.28766,3.39798,0.237689,11579.8,0.211552
20,0.88,-0.3,1,7.96586,3.22127,3.39454,0.25258,11573,0.223206
20,0.88,-0.3,2,8.02975,2.75983,3.52882,0.21259,11833.7,0.191512
20,0.88,-0.3,3,8.01355,2.77466,3.42971,0.199699,11642.2,0.181022
20,0.88,-0.3,4,8.10111,3.04423,3.4921,0.19895,11763.4,0.180409
20,0.88,-0.3,5,8.03638,2.90575,3.47812,0.188057,11736.4,0.171433
20,0.88,-0.3,6,7.94464,4.04748,3.4712,0.456323,11723,0.366391
20,0.88,-0.3,7,7.95579,3.3378,3.46317,0.367584,11707.5,0.307595
20,0.88,-0.3,8,8.12898,2.25875,3.47561,0.0859202,11731.6,0.0823326
20,0.88,-0.3,9,8.0763,2.30335,3.46431,0.113998,11709.7,0.10774
20,0.88,-0.3,10,7.98906,4.22871,3.41995,0.412159,11623.1,0.337781
20,0.88,-0.3,11,8.06382,3.76981,3.46801,0.37554,11716.9,0.313082
20,0.88,-0.3,12,8.02762,3.42737,3.40572,0.225963,11595.1,0.202252
20,0.88,-0.3,13,8.01626,3.41972,3.42886,0.251294,11640.6,0.222206
20,0.88,-0.3,14,8.01686,3.06306,3.42036,0.208635,11623.9,0.188308
20,0.88,-0.3,15,8.00673,3.81689,3.43005,0.414028,11642.9,0.339017
20,0.88,-0.3,16,8.09185,2.97231,3.43333,0.148455,11649.3,0.137961
20,0.88,-0.3,17,8.12114,3.82636,3.47423,0.380817,11728.9,0.316697
20,0.88,-0.3,18,8.03419,2.87775,3.40558,0.183803,11594.8,0.167901
20,0.88,-0.3,19,8.14504,2.72125,3.39559,0.114154,11575.1,0.107879
20,0.88,-0.3,20,7.97691,3.61223,3.44484,0.281019,11671.8,0.244986
20,0.88,-0.3,21,8.02576,3.22414,3.42046,0.259209,11624.1,0.228338
20,0.88,-0.3,22,8.09166,3.29271,3.44217,0.192721,11666.6,0.175288
20,0.88,-0.3,23,8.09016,2.97205,3.51091,0.241157,11799.5,0.214282
20,0.88,-0.3,24,8.14507,2.00997,3.40987,0.0865594,11603.2,0.0829189
20,0.88,-0.3,25,8.02321,3.31887,3.41931,0.237592,11621.8,0.211476
20,0.88,-0.3,26,7.99144,3.40203,3.42671,0.228809,11636.4,0.204519
20,0.88,-0.3,27,7.97956,4.02876,3.41007,0.386939,11603.7,0.320868
20,0.88,-0.3,28,8.02675,3.062,3.40684,0.209569,11597.3,0.189066
20,0.88,-0.3,29,8.04345,3.38428,3.51397,0.268212,11805.3,0.235254
20,0.88,-0.3,30,7.98025,4.45795,3.41256,0.470327,11608.6,0.375202
20,0.88,-0.3,31,8.15298,2.27513,3.45232,0.0927479,11686.4,0.0885768
20,0.88,-0.3,32,7.96146,3.79509,3.44133,0.310614,11665,0.267003
20,0.88,-0.3,33,8.12914,3.0558,3.43096,0.165697,11644.7,0.152697
20,0.88,-0.3,34,8.00556,3.31342,3.47421,0.26186,11728.9,0.230381
20,0.88,-0.3,35,8.02328,3.98842,3.45467,0.373763,11691,0.31186
20,0.88,-0.3,36,8.05976,2.65561,3.4387,0.127218,11659.8,0.119458
20,0.88,-0.3,37,8.0505,4.2129,3.39948,0.387988,11582.7,0.32158
20,0.88,-0.3,38,8.06601,2.26432,3.51969,0.110749,11816.3,0.104837
20,0.88,-0.3,39,7.93191,4.24402,3.44345,0.497096,11669.1,0.391705
20,0.88,-0.3,40,8.07745,2.60477,3.47674,0.169664,11733.8,0.156051
20,0.88,-0.3,41,8.02701,3.38307,3.42831,0.228257,11639.5,0.204081
20,0.88,-0.3,42,8.01925,2.73976,3.40553,0.152931,11594.7,0.141811
20,0.88,-0.3,43,8.04394,2.69472,3.42838,0.126474,11639.6,0.118803
20,0.88,-0.3,44,8.09547,3.02651,3.48779,0.212166,11755.1,0.19117
20,0.88,-0.3,45,8.02585,2.91539,3.44916,0.205302,11680.2,0.185599
20,0.88,-0.3,46,8.04499,2.57687,3.47714,0.188118,11734.5,0.171483
20,0.88,-0.3,47,8.02225,3.99634,3.45312,0.366668,11688,0.30696
20,0.88,-0.3,48,8.08947,3.13991,3.50765,0.253054,11793.2,0.223574
20,0.88,-0.3,49,7.98567,3.37181,3.40163,0.212881,11587,0.191748
20,0.88,-0.3,50,8.04019,3.2502,3.41316,0.207267,11609.7,0.187197
20,0.88,-0.5,1,8.13529,3.80359,3.42588,0.582321,11634.7,0.4414
20,0.88,-0.5,2,8.17632,3.74478,3.49154,0.76302,11762.3,0.533744
20,0.88,-0.5,3,8.20418,3.83567,3.44947,0.459683,11680.8,0.368516
20,0.88,-0.5,4,8.2252,2.73556,3.43204,0.261726,11646.8,0.230278
20,0.88,-0.5,5,8.29416,2.72176,3.49471,0.263097,11768.4,0.231333
20,0.88,-0.5,6,8.15152,3.92511,3.44283,0.587018,11667.9,0.444017
20,0.88,-0.5,7,8.17723,4.15789,3.41502,0.613743,11613.4,0.458679
20,0.88,-0.5,8,8.1867,2.77805,3.43756,0.268318,11657.6,0.235335
20,0.88,-0.5,9,8.20068,3.31313,3.44222,0.36972,11666.7,0.309073
20,0.88,-0.5,10,8.23456,3.85346,3.44246,0.490836,11667.2,0.387885
20,0.88,-0.5,11,8.12824,3.12975,3.40706,0.447972,11597.7,0.361077
20,0.88,-0.5,12,8.20128,3.6919,3.43246,0.444291,11647.6,0.358721
20,0.88,-0.5,13,8.21543,4.59166,3.44464,0.565249,11671.4,0.431781
20,0.88,-0.5,14,8.16664,3.95184,3.40555,0.411245,11594.7,0.337175
20,0.88,-0.5,15,8.48403,1.8573,3.44914,0.0529364,11680.2,0.0515597
20,0.88,-0.5,16,8.20946,2.38275,3.40787,0.193864,11599.3,0.17623
20,0.88,-0.5,17,8.23075,3.00568,3.44721,0.34575,11676.4,0.292311
20,0.88,-0.5,18,8.1753,4.08799,3.45095,0.619175,11683.7,0.461612
20,0.88,-0.5,19,8.30038,2.20936,3.4495,0.124186,11680.9,0.116784
20,0.88,-0.5,20,8.35819,1.91578,3.4597,0.0875769,11700.7,0.0838516
20,0.88,-0.5,21,8.17151,3.59256,3.4879,0.496207,11755.3,0.391165
20,0.88,-0.5,22,8.09418,4.1606,3.38855,0.680649,11561.1,0.493712
20,0.88,-0.5,23,8.21898,2.91388,3.43237,0.306055,11647.4,0.263654
20,0.88,-0.5,24,8.18894,3.5156,3.46165,0.414938,11704.5,0.339619
20,0.88,-0.5,25,8.33484,1.9181,3.4674,0.0800792,11715.7,0.0769567
20,0.88,-0.5,26,8.1496,3.46126,3.43927,0.452389,11660.9,0.363893
20,0.88,-0.5,27,8.54279,1.89847,3.40048,0.0515215,11584.7,0.0502168
20,0.88,-0.5,28,8.21362,3.69926,3.44422,0.38053,11670.6,0.316501
20,0.88,-0.5,29,8.17202,3.96241,3.47267,0.538738,11725.9,0.416516
20,0.88,-0.5,30,8.22141,3.15953,3.44033,0.34439,11663,0.291347
20,0.88,-0.5,31,8.23178,3.16213,3.47998,0.301809,11740,0.260521
20,0.88,-0.5,32,8.21173,3.75001,3.45677,0.369822,11695.1,0.309143
20,0.88,-0.5,33,8.55358,1.76747,3.44861,0.0407857,11679.2,0.0399651
20,0.88,-0.5,34,8.31645,1.82815,3.46176,0.0845953,11704.8,0.0811159
20,0.88,-0.5,35,8.19776,2.70071,3.46099,0.25169,11703.2,0.222515
20,0.88,-0.5,36,8.21231,3.12941,3.4336,0.286775,11649.9,0.249319
20,0.88,-0.5,37,8.19733,3.7693,3.37981,0.416873,11543.7,0.340895
20,0.88,-0.5,38,8.1656,3.89281,3.426,0.535211,11635,0.414454
20,0.88,-0.5,39,8.23606,3.18216,3.46128,0.338005,11703.8,0.286808
20,0.88,-0.5,40,8.21029,3.46915,3.46954,0.473834,11719.8,0.377389
20,0.88,-0.5,41,8.22231,3.61674,3.44741,0.564385,11676.8,0.43129
20,0.88,-0.5,42,8.1573,3.09009,3.45552,0.337112,11692.6,0.286171
20,0.88,-0.5,43,8.48756,1.79658,3.49699,0.0488765,11772.8,0.0477013
20,0.88,-0.5,44,8.36006,2.05469,3.41071,0.080818,11604.9,0.0776385
20,0.88,-0.5,45,8.31377,2.09929,3.43024,0.118772,11643.3,0.11199
20,0.88,-0.5,46,8.24853,1.91189,3.43299,0.112957,11648.7,0.106811
20,0.88,-0.5,47,8.23229,4.28503,3.46994,0.48892,11720.6,0.386712
20,0.88,-0.5,48,8.21904,4.19432,3.45543,0.438122,11692.4,0.354753
20,0.88,-0.5,49,8.13266,4.23848,3.41664,0.546297,11616.6,0.42091
20,0.88,-0.5,50,8.20412,3.26833,3.3876,0.308013,11559.2,0.265094
25,0.88,-0.1,1,8.35084,3.70271,3.51434,0.298547,11806,0.258105
25,0.88,-0.1,2,8.30104,3.80102,3.4807,0.295826,11741.4,0.256083
25,0.88,-0.1,3,8.38008,3.21195,3.52589,0.215875,11828.1,0.194164
25,0.88,-0.1,4,8.34672,3.21881,3.52866,0.222504,11833.4,0.199489
25,0.88,-0.1,5,8.37281,4.1468,3.53324,0.287625,11842.1,0.249957
25,0.88,-0.1,6,8.36591,3.60093,3.50799,0.313348,11793.9,0.269005
25,0.88,-0.1,7,8.35486,3.12343,3.56029,0.227521,11893.3,0.203494
25,0.88,-0.1,8,8.3236,4.0464,3.50898,0.292508,11795.8,0.253611
25,0.88,-0.1,9,8.36514,3.80606,3.50682,0.25723,11791.6,0.22681
25,0.88,-0.1,10,8.35959,3.81271,3.49938,0.24183,11777.4,0.21481
25,0.88,-0.1,11,8.33321,4.12012,3.508,0.295742,11793.9,0.25602
25,0.88,-0.1,12,8.37534,4.03633,3.50608,0.259135,11790.2,0.228281
25,0.88,-0.1,13,8.39781,3.60852,3.54016,0.250725,11855.2,0.221763
25,0.88,-0.1,14,8.32649,3.5251,3.52045,0.272937,11817.7,0.238859
25,0.88,-0.1,15,8.34521,4.23613,3.54409,0.361003,11862.7,0.303023
25,0.88,-0.1,16,8.37455,4.1588,3.49067,0.284898,11760.6,0.247909
25,0.88,-0.1,17,8.36642,3.34492,3.52825,0.219663,11832.6,0.19721
25,0.88,-0.1,18,8.40093,3.69941,3.56537,0.238831,11902.9,0.212452
25,0.88,-0.1,19,8.43306,3.48058,3.56345,0.2171,11899.3,0.19515
25,0.88,-0.1,20,8.32836,4.04195,3.53624,0.40987,11847.8,0.336264
25,0.88,-0.1,21,8.34057,4.49368,3.48163,0.355479,11743.2,0.299162
25,0.88,-0.1,22,8.28869,2.88102,3.51359,0.205988,11804.6,0.186157
25,0.88,-0.1,23,8.41229,3.5501,3.56818,0.268253,11908.2,0.235285
25,0.88,-0.1,24,8.40127,3.02306,3.54368,0.224804,11861.9,0.201328
25,0.88,-0.1,25,8.26645,3.7369,3.50597,0.35583,11790,0.299409
25,0.88,-0.1,26,8.43332,2.45088,3.57728,0.113904,11925.3,0.107657
25,0.88,-0.1,27,8.36468,3.99181,3.54026,0.311916,11855.4,0.267957
25,0.88,-0.1,28,8.36608,4.47881,3.54883,0.444274,11871.7,0.35871
25,0.88,-0.1,29,8.43588,3.74203,3.51966,0.260388,11816.2,0.229247
25,0.88,-0.1,30,8.31648,4.13856,3.49889,0.323729,11776.4,0.276554
25,0.88,-0.1,31,8.39537,3.74447,3.55006,0.330245,11874,0.281252
25,0.88,-0.1,32,8.49671,3.2578,3.60309,0.213438,11973.6,0.192198
25,0.88,-0.1,33,8.4332,3.46812,3.50519,0.206863,11788.5,0.186869
25,0.88,-0.1,34,8.39155,3.64859,3.53086,0.266784,11837.6,0.234161
25,0.88,-0.1,35,8.39203,3.39453,3.54864,0.24979,11871.3,0.221036
25,0.88,-0.1,36,8.30097,4.43914,3.58348,0.459529,11937,0.368419
25,0.88,-0.1,37,8.31304,4.00902,3.55462,0.395911,11882.6,0.326933
25,0.88,-0.1,38,8.37104,3.30355,3.57073,0.235046,11913,0.209466
25,0.88,-0.1,39,8.29656,4.22639,3.56405,0.475429,11900.4,0.378381
25,0.88,-0.1,40,8.34469,4.33059,3.55055,0.368526,11874.9,0.308247
25,0.88,-0.1,41,8.41981,3.13155,3.53297,0.146328,11841.6,0.136126
25,0.88,-0.1,42,8.4361,2.87437,3.54184,0.167362,11858.4,0.154107
25,0.88,-0.1,43,8.52777,3.14322,3.53517,0.131994,11845.8,0.123654
25,0.88,-0.1,44,8.38023,3.82779,3.53496,0.266082,11845.4,0.233624
25,0.88,-0.1,45,8.36524,3.16934,3.5194,0.214966,11815.7,0.193431
25,0.88,-0.1,46,8.35074,4.4092,3.5003,0.413221,11779.2,0.338484
25,0.88,-0.1,47,8.41508,3.91896,3.54254,0.326031,11859.7,0.278217
25,0.88,-0.1,48,8.37296,3.86093,3.51,0.336021,11797.7,0.285392
25,0.88,-0.1,49,8.42374,3.22547,3.55667,0.176399,11886.5,0.161717
25,0.88,-0.1,50,8.37573,3.98364,3.55026,0.33776,11874.4,0.286633
25,0.88,-0.3,1,8.54348,2.65959,3.50001,0.155554,11778.6,0.14406
25,0.88,-0.3,2,8.45835,4.32089,3.54488,0.492452,11864.2,0.388874
25,0.88,-0.3,3,8.54057,3.81906,3.54335,0.346203,11861.3,0.292631
25,0.88,-0.3,4,8.50159,3.65331,3.51968,0.267755,11816.2,0.234905
25,0.88,-0.3,5,8.48814,4.13879,3.53184,0.412183,11839.4,0.337797
25,0.88,-0.3,6,8.59443,4.47477,3.52895,0.395153,11833.9,0.326423
25,0.88,-0.3,7,8.53251,3.4818,3.47131,0.254985,11723.3,0.225072
25,0.88,-0.3,8,8.53534,3.37264,3.53049,0.215738,11836.8,0.194054
25,0.88,-0.3,9,8.51183,3.29815,3.53405,0.269647,11843.6,0.236351
25,0.88,-0.3,10,8.54889,3.87239,3.5436,0.330451,11861.8,0.2814
25,0.88,-0.3,11,8.50923,4.2062,3.53724,0.418555,11849.7,0.342003
25,0.88,-0.3,12,8.49118,4.05775,3.52944,0.398982,11834.9,0.328997
25,0.88,-0.3,13,8.5302,3.94659,3.5391,0.291141,11853.2,0.25259
25,0.88,-0.3,14,8.42459,3.48742,3.47855,0.337416,11737.3,0.286388
25,0.88,-0.3,15,8.49447,3.70491,3.54361,0.345698,11861.8,0.292274
25,0.88,-0.3,16,8.57472,3.89926,3.53848,0.330314,11852,0.281302
25,0.88,-0.3,17,8.47142,4.17436,3.49015,0.409607,11759.6,0.336089
25,0.88,-0.3,18,8.56393,3.17999,3.52812,0.243898,11832.3,0.216432
25,0.88,-0.3,19,8.50758,3.89923,3.51547,0.361802,11808.2,0.30358
25,0.88,-0.3,20,8.54287,3.40434,3.54714,0.280942,11868.5,0.244928
25,0.88,-0.3,21,8.45058,3.61829,3.51029,0.365662,11798.3,0.306263
25,0.88,-0.3,22,8.47614,3.58086,3.47503,0.264989,11730.4,0.232786
25,0.88,-0.3,23,8.43847,4.0613,3.5148,0.547753,11806.9,0.421752
25,0.88,-0.3,24,8.4762,4.85968,3.5223,0.614648,11821.2,0.459169
25,0.88,-0.3,25,8.49782,4.83001,3.52217,0.461777,11821,0.369837
25,0.88,-0.3,26,8.48512,3.39108,3.51521,0.298429,11807.7,0.258017
25,0.88,-0.3,27,8.50221,2.78397,3.51159,0.160818,11800.8,0.148553
25,0.88,-0.3,28,8.46638,4.30474,3.5544,0.397464,11882.2,0.327978
25,0.88,-0.3,29,8.41498,4.48488,3.49557,0.503815,11770.1,0.395779
25,0.88,-0.3,30,8.44822,3.55473,3.54817,0.334638,11870.4,0.284403
25,0.88,-0.3,31,8.52205,3.85567,3.53983,0.397303,11854.6,0.32787
25,0.88,-0.3,32,8.47641,4.04723,3.50639,0.35368,11790.8,0.297901
25,0.88,-0.3,33,8.49086,3.77144,3.54173,0.47145,11858.2,0.375903
25,0.88,-0.3,34,8.50713,3.56533,3.53211,0.279482,11839.9,0.243825
25,0.88,-0.3,35,8.54928,3.52909,3.51632,0.28696,11809.8,0.249458
25,0.88,-0.3,36,8.53846,4.14512,3.49089,0.301188,11761,0.260061
25,0.88,-0.3,37,8.59009,3.37587,3.55716,0.25884,11887.4,0.228053
25,0.88,-0.3,38,8.53869,3.25291,3.54395,0.280453,11862.4,0.244559
25,0.88,-0.3,39,8.458,4.15964,3.51091,0.478224,11799.5,0.380116
25,0.88,-0.3,40,8.52262,4.16062,3.5851,0.463741,11940,0.371073
25,0.88,-0.3,41,8.50536,3.95102,3.50537,0.433003,11788.9,0.351442
25,0.88,-0.3,42,8.57015,3.51627,3.52434,0.272027,11825.1,0.238166
25,0.88,-0.3,43,8.50061,3.83032,3.46726,0.344567,11715.4,0.291473
25,0.88,-0.3,44,8.44493,4.24333,3.54632,0.512322,11866.9,0.400897
25,0.88,-0.3,45,8.5187,3.66041,3.52243,0.313697,11821.5,0.269259
25,0.88,-0.3,46,8.50447,4.31259,3.55068,0.461857,11875.2,0.369888
25,0.88,-0.3,47,8.54599,3.61088,3.52057,0.234886,11818,0.209339
25,0.88,-0.3,48,8.49664,3.76231,3.49314,0.3328,11765.4,0.283087
25,0.88,-0.3,49,8.4787,3.98681,3.53815,0.394546,11851.4,0.326014
25,0.88,-0.3,50,8.47521,3.96523,3.54584,0.45836,11866,0.36768
25,0.88,-0.5,1,8.82031,4.18142,3.49484,0.595081,11768.7,0.448482
25,0.88,-0.5,2,8.76255,4.2265,3.50708,0.884893,11792.1,0.587242
25,0.88,-0.5,3,8.72611,3.14391,3.45932,0.434381,11700,0.352334
25,0.88,-0.5,4,8.69963,5.30992,3.46461,0.794638,11710.3,0.548255
25,0.88,-0.5,5,8.91486,1.95974,3.45858,0.0893536,11698.6,0.0854779
25,0.88,-0.5,6,8.73223,3.17451,3.45005,0.420541,11682,0.343309
25,0.88,-0.5,7,8.74786,2.97817,3.43983,0.418984,11662,0.342285
25,0.88,-0.5,8,8.75884,4.3728,3.48112,0.513014,11742.2,0.401311
25,0.88,-0.5,9,8.66085,4.12708,3.45349,0.610498,11688.7,0.45692
25,0.88,-0.5,10,9.0733,1.58159,3.42555,0.0488133,11634.1,0.0476411
25,0.88,-0.5,11,8.76026,4.46443,3.49206,0.631842,11763.3,0.468389
25,0.88,-0.5,12,8.68549,4.65256,3.45316,0.710733,11688,0.508716
25,0.88,-0.5,13,8.75305,3.1628,3.4785,0.346449,11737.2,0.292805
25,0.88,-0.5,14,8.85888,1.96911,3.49161,0.0775326,11762.4,0.0746032
25,0.88,-0.5,15,8.98007,1.78238,3.51006,0.0627051,11797.9,0.0607796
25,0.88,-0.5,16,8.6273,3.77596,3.48681,0.768088,11753.2,0.536101
25,0.88,-0.5,17,8.77146,4.06031,3.4833,0.54972,11746.4,0.422888
25,0.88,-0.5,18,8.67974,3.29458,3.49148,0.537772,11762.2,0.415952
25,0.88,-0.5,19,8.702,4.41396,3.47865,0.617607,11737.4,0.460767
25,0.88,-0.5,20,8.72402,4.71925,3.49259,0.562239,11764.3,0.430069
25,0.88,-0.5,21,8.78149,3.6821,3.4646,0.511167,11710.3,0.400205
25,0.88,-0.5,22,8.73282,4.46456,3.50257,0.791045,11783.5,0.546629
25,0.88,-0.5,23,8.74287,3.18738,3.40094,0.295752,11585.6,0.256028
25,0.88,-0.5,24,8.78306,4.0128,3.45117,0.622922,11684.2,0.463625
25,0.88,-0.5,25,8.65463,4.20526,3.47091,0.725184,11722.5,0.515764
25,0.88,-0.5,26,8.7111,3.81224,3.48089,0.654496,11741.8,0.480296
25,0.88,-0.5,27,8.71301,4.10062,3.53319,0.556305,11842,0.426676
25,0.88,-0.5,28,8.71956,3.25603,3.50621,0.440436,11790.5,0.356245
25,0.88,-0.5,29,8.76135,2.87734,3.46983,0.285501,11720.4,0.248362
25,0.88,-0.5,30,8.77833,4.06324,3.42939,0.50997,11641.6,0.399486
25,0.88,-0.5,31,8.69361,3.56335,3.46698,0.526269,11714.9,0.409195
25,0.88,-0.5,32,8.74119,4.42341,3.48705,0.716446,11753.6,0.511515
25,0.88,-0.5,33,8.69847,3.89943,3.44905,0.586837,11680,0.443916
25,0.88,-0.5,34,8.95758,1.57249,3.50339,0.0599165,11785.1,0.0581568
25,0.88,-0.5,35,8.74928,3.3816,3.47693,0.417822,11734.1,0.34152
25,0.88,-0.5,36,8.88746,1.53174,3.5166,0.0678684,11810.4,0.0656166
25,0.88,-0.5,37,8.70407,4.48556,3.49144,0.662979,11762.1,0.484686
25,0.88,-0.5,38,8.72415,5.14326,3.46224,0.735025,11705.7,0.520507
25,0.88,-0.5,39,8.77501,3.32981,3.47096,0.414674,11722.6,0.339444
25,0.88,-0.5,40,8.65651,3.84604,3.48032,0.507984,11740.7,0.398293
25,0.88,-0.5,41,8.67448,4.70665,3.54032,1.50937,11855.5,0.778951
25,0.88,-0.5,42,8.71347,5.46438,3.46275,0.892884,11706.7,0.590527
25,0.88,-0.5,43,8.68562,2.69195,3.47306,0.348908,11726.6,0.294542
25,0.88,-0.5,44,8.72245,5.64073,3.46507,0.946236,11711.2,0.611801
25,0.88,-0.5,45,8.72972,3.48744,3.46611,0.477771,11713.2,0.379836
25,0.88,-0.5,46,8.93331,1.74728,3.47396,0.0619103,11728.4,0.0600328
25,0.88,-0.5,47,8.64601,4.90944,3.45542,1.1574,11692.4,0.685697
25,0.88,-0.5,48,8.73433,4.12149,3.47505,0.636957,11730.5,0.4711
25,0.88,-0.5,49,8.74508,4.05893,3.44764,0.721859,11677.3,0.514152
25,0.88,-0.5,50,8.78928,4.0134,3.44122,0.468383,11664.7,0.373986
30,0.88,-0.1,1,8.81473,4.74763,3.5662,0.377446,11904.5,0.31439
30,0.88,-0.1,2,8.86569,3.10192,3.57088,0.146587,11913.3,0.136349
30,0.88,-0.1,3,8.90237,3.63993,3.57201,0.192472,11915.4,0.175083
30,0.88,-0.1,4,8.80084,3.7914,3.58486,0.257646,11939.6,0.227131
30,0.88,-0.1,5,8.75653,3.71885,3.56157,0.265658,11895.7,0.233299
30,0.88,-0.1,6,8.83059,4.41847,3.56254,0.327629,11897.6,0.27937
30,0.88,-0.1,7,8.7066,4.61873,3.54725,0.390866,11868.7,0.323529
30,0.88,-0.1,8,8.72108,4.65785,3.54712,0.483697,11868.4,0.3835
30,0.88,-0.1,9,8.75737,4.15329,3.56283,0.319453,11898.1,0.273454
30,0.88,-0.1,10,8.75024,3.97043,3.58078,0.389834,11931.9,0.32283
30,0.88,-0.1,11,8.80769,4.57517,3.58546,0.357649,11940.7,0.300681
30,0.88,-0.1,12,8.85052,4.21335,3.5656,0.286544,11903.3,0.249146
30,0.88,-0.1,13,8.86696,3.91041,3.543,0.292928,11860.6,0.253924
30,0.88,-0.1,14,8.74971,4.22748,3.60507,0.328096,11977.3,0.279706
30,0.88,-0.1,15,8.79181,3.67784,3.53634,0.29715,11848,0.257068
30,0.88,-0.1,16,8.86944,4.15126,3.56836,0.282859,11908.6,0.246374
30,0.88,-0.1,17,8.72325,4.06041,3.57807,0.336769,11926.8,0.285926
30,0.88,-0.1,18,8.8004,3.60185,3.53688,0.221287,11849,0.198513
30,0.88,-0.1,19,8.84803,3.56138,3.61639,0.205094,11998.4,0.18543
30,0.88,-0.1,20,8.73144,3.34811,3.56101,0.285856,11894.7,0.248629
30,0.88,-0.1,21,8.78193,3.5418,3.57934,0.240207,11929.2,0.213535
30,0.88,-0.1,22,8.76626,3.3487,3.59712,0.290883,11962.5,0.252397
30,0.88,-0.1,23,8.75233,5.19038,3.56811,0.502829,11908.1,0.395183
30,0.88,-0.1,24,8.74381,4.04364,3.59284,0.32665,11954.5,0.278664
30,0.88,-0.1,25,8.83474,4.67317,3.57707,0.395937,11924.9,0.326951
30,0.88,-0.1,26,8.75831,4.62831,3.56074,0.394908,11894.2,0.326258
30,0.88,-0.1,27,8.8225,3.71576,3.58302,0.292143,11936.1,0.253338
30,0.88,-0.1,28,8.72186,4.91636,3.53691,0.401793,11849.1,0.330881
30,0.88,-0.1,29,8.77073,3.58003,3.56169,0.267267,11896,0.234531
30,0.88,-0.1,30,8.76417,4.13881,3.6017,0.386393,11971.1,0.320497
30,0.88,-0.1,31,8.72032,4.23914,3.51043,0.350698,11798.6,0.295804
30,0.88,-0.1,32,8.78343,4.79312,3.5459,0.443545,11866.1,0.358243
30,0.88,-0.1,33,8.742,4.73804,3.57123,0.469808,11913.9,0.374878
30,0.88,-0.1,34,8.97451,2.54979,3.59901,0.0886819,11966,0.0848634
30,0.88,-0.1,35,8.81655,3.24343,3.5681,0.184839,11908.1,0.168762
30,0.88,-0.1,36,8.81565,2.83299,3.58243,0.164851,11935,0.15198
30,0.88,-0.1,37,8.82357,3.2322,3.55825,0.207997,11889.5,0.187791
30,0.88,-0.1,38,8.79716,4.67165,3.5538,0.403306,11881.1,0.331892
30,0.88,-0.1,39,8.7598,4.71427,3.52462,0.412336,11825.7,0.337898
30,0.88,-0.1,40,8.76667,3.52645,3.55758,0.281089,11888.2,0.245039
30,0.88,-0.1,41,8.67996,4.30622,3.55919,0.401541,11891.3,0.330712
30,0.88,-0.1,42,8.83728,3.96035,3.5951,0.289261,11958.7,0.251184
30,0.88,-0.1,43,8.76601,3.97318,3.54689,0.355037,11868,0.298852
30,0.88,-0.1,44,8.69262,4.29635,3.52829,0.422156,11832.7,0.344368
30,0.88,-0.1,45,8.77427,4.49831,3.56829,0.37738,11908.4,0.314345
30,0.88,-0.1,46,8.81234,4.28596,3.59604,0.299538,11960.5,0.258839
30,0.88,-0.1,47,8.73242,4.38357,3.5883,0.416431,11946,0.340604
30,0.88,-0.1,48,8.82981,4.33891,3.55112,0.353901,11876,0.298055
30,0.88,-0.1,49,8.80981,3.77333,3.52517,0.226655,11826.7,0.202804
30,0.88,-0.1,50,8.81645,4.54906,3.56844,0.349354,11908.7,0.294856
30,0.88,-0.3,1,8.91838,3.99157,3.56399,0.378388,11900.3,0.315036
30,0.88,-0.3,2,8.90516,4.68681,3.50175,0.533024,11781.9,0.413173
30,0.88,-0.3,3,8.92795,3.38071,3.5202,0.314893,11817.2,0.270133
30,0.88,-0.3,4,9.01027,2.57704,3.51421,0.178001,11805.8,0.163058
30,0.88,-0.3,5,8.92153,4.88006,3.49439,0.486334,11767.8,0.385124
30,0.88,-0.3,6,8.93198,5.05089,3.57782,0.730986,11926.3,0.518566
30,0.88,-0.3,7,8.88789,3.92736,3.55565,0.345417,11884.6,0.292075
30,0.88,-0.3,8,9.02044,4.96169,3.6087,0.462215,11984.1,0.370113
30,0.88,-0.3,9,8.89186,4.21826,3.53615,0.500785,11847.6,0.393945
30,0.88,-0.3,10,8.88286,3.18885,3.49908,0.27778,11776.8,0.242537
30,0.88,-0.3,11,8.89601,3.61338,3.53443,0.357479,11844.3,0.300562
30,0.88,-0.3,12,8.94235,4.24457,3.52298,0.384836,11822.5,0.319438
30,0.88,-0.3,13,8.93938,3.49205,3.5222,0.302747,11821.1,0.261214
30,0.88,-0.3,14,8.90388,3.79908,3.562,0.374527,11896.6,0.312386
30,0.88,-0.3,15,8.90856,3.99284,3.54105,0.46984,11856.9,0.374898
30,0.88,-0.3,16,8.93901,3.88493,3.52539,0.379058,11827.1,0.315494
30,0.88,-0.3,17,8.94135,4.19351,3.51749,0.379911,11812.1,0.316078
30,0.88,-0.3,18,8.99446,2.66351,3.5413,0.169434,11857.4,0.155857
30,0.88,-0.3,19,8.89192,3.82731,3.5152,0.420452,11807.7,0.34325
30,0.88,-0.3,20,8.90307,4.0473,3.53542,0.396985,11846.2,0.327656
30,0.88,-0.3,21,8.88374,3.89386,3.49123,0.399698,11761.7,0.329478
30,0.88,-0.3,22,8.95148,3.72405,3.56221,0.32781,11897,0.2795
30,0.88,-0.3,23,8.89866,4.30467,3.53157,0.514299,11838.9,0.402081
30,0.88,-0.3,24,8.92547,3.95884,3.4786,0.327235,11737.4,0.279086
30,0.88,-0.3,25,8.9889,4.05231,3.54261,0.294038,11859.9,0.254752
30,0.88,-0.3,26,8.86333,4.06678,3.48481,0.412069,11749.3,0.337721
30,0.88,-0.3,27,8.92316,4.55381,3.50365,0.486905,11785.6,0.385475
30,0.88,-0.3,28,8.84529,3.7609,3.55076,0.474591,11875.3,0.377861
30,0.88,-0.3,29,8.95087,4.26989,3.54806,0.395801,11870.2,0.326859
30,0.88,-0.3,30,8.95604,2.50447,3.51293,0.18822,11803.3,0.171568
30,0.88,-0.3,31,8.91865,4.20199,3.51028,0.383603,11798.3,0.318598
30,0.88,-0.3,32,8.894,3.61655,3.51562,0.353076,11808.5,0.297476
30,0.88,-0.3,33,8.95515,4.71307,3.52297,0.510409,11822.5,0.39975
30,0.88,-0.3,34,8.9331,4.0587,3.53714,0.424269,11849.5,0.345752
30,0.88,-0.3,35,8.94903,3.98343,3.56109,0.425055,11894.9,0.346266
30,0.88,-0.3,36,8.90087,5.02326,3.48989,0.596499,11759.1,0.449264
30,0.88,-0.3,37,8.89289,4.21678,3.58205,0.49361,11934.3,0.389581
30,0.88,-0.3,38,8.93397,4.41463,3.5629,0.447987,11898.3,0.361087
30,0.88,-0.3,39,8.91823,4.42342,3.49854,0.419708,11775.8,0.342761
30,0.88,-0.3,40,8.87807,3.71903,3.52319,0.345573,11822.9,0.292185
30,0.88,-0.3,41,8.89698,4.45883,3.59041,0.423126,11950,0.345004
30,0.88,-0.3,42,8.88234,3.63099,3.55027,0.310564,11874.4,0.266967
30,0.88,-0.3,43,8.98226,3.26138,3.58968,0.321766,11948.6,0.275132
30,0.88,-0.3,44,9.18736,1.99224,3.5812,0.0660835,11932.7,0.0639473
30,0.88,-0.3,45,9.11891,1.94236,3.55136,0.0780397,11876.5,0.0750723
30,0.88,-0.3,46,8.92197,3.89444,3.59169,0.402607,11952.4,0.331425
30,0.88,-0.3,47,8.94421,3.82607,3.53031,0.361059,11836.5,0.303062
30,0.88,-0.3,48,8.94807,4.73905,3.53256,0.446235,11840.8,0.359967
30,0.88,-0.3,49,8.92816,3.91492,3.50913,0.346462,11796.1,0.292814
30,0.88,-0.3,50,8.90952,3.54531,3.545,0.360293,11864.4,0.302528
30,0.88,-0.5,1,9.52083,1.63091,3.47263,0.0416405,11725.8,0.0407855
30,0.88,-0.5,2,9.19665,3.70365,3.43578,0.501299,11654.1,0.394257
30,0.88,-0.5,3,9.16715,3.59723,3.494,0.612439,11767,0.457973
30,0.88,-0.5,4,9.19135,3.94813,3.45536,0.635471,11692.3,0.470314
30,0.88,-0.5,5,9.14599,3.49104,3.44049,0.795023,11663.3,0.548429
30,0.88,-0.5,6,9.16529,4.65029,3.42527,0.689193,11633.5,0.498019
30,0.88,-0.5,7,9.13766,3.81598,3.50111,0.637177,11780.7,0.471217
30,0.88,-0.5,8,9.11282,4.62623,3.47445,0.920367,11729.3,0.601627
30,0.88,-0.5,9,9.16278,4.18164,3.47443,0.790932,11729.3,0.546578
30,0.88,-0.5,10,9.21843,5.22512,3.46893,0.917347,11718.6,0.600422
30,0.88,-0.5,11,9.18054,3.96472,3.48883,0.565391,11757.1,0.431862
30,0.88,-0.5,12,9.13153,4.62582,3.49213,0.788982,11763.4,0.545693
30,0.88,-0.5,13,9.15988,4.73449,3.43822,0.760071,11658.9,0.532367
30,0.88,-0.5,14,9.17377,4.75423,3.48544,0.881927,11750.6,0.586016
30,0.88,-0.5,15,9.23121,3.00583,3.48229,0.42651,11744.5,0.347216
30,0.88,-0.5,16,9.20296,4.07631,3.51691,0.634946,11811,0.470036
30,0.88,-0.5,17,9.15732,4.50026,3.46818,0.72702,11717.2,0.516653
30,0.88,-0.5,18,9.11312,3.71517,3.46927,0.603814,11719.3,0.453278
30,0.88,-0.5,19,9.17123,4.03982,3.51088,0.9602,11799.4,0.617184
30,0.88,-0.5,20,9.17302,5.95381,3.49093,1.33095,11761.1,0.735773
30,0.88,-0.5,21,9.18433,3.00539,3.44441,0.415405,11671,0.339927
30,0.88,-0.5,22,9.18849,3.66401,3.4897,0.515794,11758.8,0.402974
30,0.88,-0.5,23,9.1036,4.75768,3.4417,0.848951,11665.7,0.572137
30,0.88,-0.5,24,9.13018,4.94062,3.45898,1.05911,11699.3,0.653235
30,0.88,-0.5,25,9.21159,4.44798,3.45454,0.727333,11690.7,0.516804
30,0.88,-0.5,26,9.14352,5.33572,3.50251,0.899852,11783.4,0.59337
30,0.88,-0.5,27,9.07167,4.26129,3.4454,1.15735,11672.9,0.685682
30,0.88,-0.5,28,9.42043,1.89853,3.48531,0.0761047,11750.3,0.0732808
30,0.88,-0.5,29,9.12343,5.1913,3.45626,1.06901,11694.1,0.656651
30,0.88,-0.5,30,9.19691,4.21182,3.42487,0.718977,11632.7,0.512749
30,0.88,-0.5,31,9.12073,4.50592,3.44509,0.949774,11672.3,0.613171
30,0.88,-0.5,32,9.08759,3.34856,3.4985,0.609976,11775.7,0.456636
30,0.88,-0.5,33,9.13768,3.31752,3.46689,0.608619,11714.7,0.455898
30,0.88,-0.5,34,9.17397,3.91017,3.4281,0.696777,11639.1,0.501812
30,0.88,-0.5,35,9.1429,4.70183,3.46839,0.889938,11717.6,0.589319
30,0.88,-0.5,36,9.25333,2.75415,3.47006,0.278342,11720.8,0.242962
30,0.88,-0.5,37,9.18531,3.1863,3.43245,0.473962,11647.6,0.377469
30,0.88,-0.5,38,9.21923,3.83012,3.46558,0.62551,11712.2,0.465012
30,0.88,-0.5,39,9.18977,3.58033,3.43327,0.463128,11649.2,0.370688
30,0.88,-0.5,40,9.21829,3.32862,3.48572,0.417218,11751.1,0.341123
30,0.88,-0.5,41,9.17437,4.75767,3.48195,0.975486,11743.8,0.622991
30,0.88,-0.5,42,9.13943,3.63915,3.50428,0.489403,11786.8,0.387008
30,0.88,-0.5,43,9.21598,3.19049,3.4743,0.409991,11729,0.336344
30,0.88,-0.5,44,9.11162,4.52747,3.41302,0.795143,11609.5,0.548483
30,0.88,-0.5,45,9.19647,4.37217,3.42895,0.725678,11640.7,0.516004
30,0.88,-0.5,46,9.34519,1.34167,3.53104,0.0672297,11837.9,0.0650196
30,0.88,-0.5,47,9.14668,5.21085,3.44754,0.900134,11677.1,0.593485
30,0.88,-0.5,48,9.18718,3.28287,3.43803,0.436823,11658.5,0.353914
30,0.88,-0.5,49,9.17415,3.53225,3.48433,0.616302,11748.4,0.460063
30,0.88,-0.5,50,9.15628,4.27414,3.4489,0.727521,11679.7,0.516895
