5,0.88,-0.1,1,6.56505,2.09711,1.66129,0.0521485,6771.04,0.0508121
5,0.88,-0.1,2,6.4708,2.0149,1.64152,0.0617261,6690.59,0.0598596
5,0.88,-0.1,3,6.51822,2.09777,1.65391,0.056557,6741.13,0.0549874
5,0.88,-0.1,4,6.53068,1.97327,1.75593,0.0549219,7143.34,0.0534409
5,0.88,-0.1,5,6.50562,1.95748,1.62111,0.0572713,6606.5,0.0556622
5,0.88,-0.1,6,6.53115,1.96608,1.73768,0.055087,7073.15,0.0535972
5,0.88,-0.1,7,6.54422,2.06081,1.65212,0.0547088,6733.83,0.0532392
5,0.88,-0.1,8,6.55674,1.96001,1.65032,0.0500455,6726.52,0.0488139
5,0.88,-0.1,9,6.54676,1.98101,1.73089,0.0537183,7046.85,0.0523009
5,0.88,-0.1,10,6.53942,2.00921,1.67615,0.0526631,6830.88,0.0513004
5,0.88,-0.1,11,6.50722,1.90545,1.61612,0.0503531,6585.78,0.0491064
5,0.88,-0.1,12,6.50921,2.02876,1.68794,0.0581635,6878,0.0565044
5,0.88,-0.1,13,6.59898,1.99798,1.72376,0.0463791,7019.07,0.04532
5,0.88,-0.1,14,6.49288,2.0539,1.66908,0.0591167,6802.49,0.0574032
5,0.88,-0.1,15,6.62045,1.93591,1.76713,0.0428317,7186.08,0.0419274
5,0.88,-0.1,16,6.54212,2.01393,1.59455,0.049636,6495.5,0.0484242
5,0.88,-0.1,17,6.62814,1.97744,1.71537,0.0454193,6986.32,0.0444033
5,0.88,-0.1,18,6.55076,1.9185,1.75529,0.0512374,7140.89,0.0499469
5,0.88,-0.1,19,6.54654,2.13937,1.64399,0.0539842,6700.7,0.0525529
5,0.88,-0.1,20,6.47881,1.9363,1.77237,0.0600917,7205.99,0.0583219
5,0.88,-0.1,21,6.5002,2.09234,1.69849,0.0601841,6919.87,0.0584089
5,0.88,-0.1,22,6.46914,2.01331,1.66356,0.0617819,6780.21,0.0599121
5,0.88,-0.1,23,6.54617,1.99991,1.63952,0.0492869,6682.39,0.048092
5,0.88,-0.1,24,6.47333,2.10894,1.7015,0.064161,6931.73,0.062146
5,0.88,-0.1,25,6.53705,1.94593,1.72919,0.0529882,7040.25,0.0516088
5,0.88,-0.1,26,6.59489,2.0613,1.68345,0.0470174,6860.09,0.0459292
5,0.88,-0.1,27,6.51016,1.92325,1.6634,0.0529666,6779.55,0.0515883
5,0.88,-0.1,28,6.53986,1.99631,1.75544,0.0534177,7141.49,0.052016
5,0.88,-0.1,29,6.56566,1.9803,1.66531,0.0491149,6787.28,0.0479282
5,0.88,-0.1,30,6.60907,2.10589,1.74596,0.0496379,7105.08,0.0484261
5,0.88,-0.1,31,6.51119,1.90838,1.66099,0.0519724,6769.82,0.0506449
5,0.88,-0.1,32,6.52447,1.95427,1.74196,0.0536894,7089.67,0.0522735
5,0.88,-0.1,33,6.49909,1.93491,1.6335,0.0561935,6657.67,0.0546438
5,0.88,-0.1,34,6.62124,1.93279,1.71283,0.0436586,6976.35,0.0427193
5,0.88,-0.1,35,6.63737,2.07224,1.72028,0.0451073,7005.5,0.0441051
5,0.88,-0.1,36,6.48423,2.03593,1.72459,0.0621294,7022.31,0.0602387
5,0.88,-0.1,37,6.5116,2.02129,1.6196,0.053379,6600.26,0.0519794
5,0.88,-0.1,38,6.46249,2.0273,1.67304,0.0626657,6818.38,0.0607425
5,0.88,-0.1,39,6.5355,2.05465,1.6917,0.0536084,6892.93,0.0521968
5,0.88,-0.1,40,6.53621,1.92431,1.7104,0.0510565,6966.8,0.049775
5,0.88,-0.1,41,6.54522,1.98631,1.73216,0.0529632,7051.78,0.051585
5,0.88,-0.1,42,6.52296,1.95987,1.73715,0.055127,7071.11,0.053635
5,0.88,-0.1,43,6.55315,2.08448,1.64311,0.0519612,6697.1,0.0506343
5,0.88,-0.1,44,6.52482,1.91806,1.67391,0.0508464,6821.89,0.0495753
5,0.88,-0.1,45,6.57145,2.01362,1.66876,0.0479801,6801.18,0.0468472
5,0.88,-0.1,46,6.48109,1.93945,1.6137,0.05658,6575.74,0.0550091
5,0.88,-0.1,47,6.5715,2.11371,1.72657,0.0544814,7030.04,0.0530239
5,0.88,-0.1,48,6.4402,1.86824,1.64327,0.058995,6697.74,0.0572885
5,0.88,-0.1,49,6.53084,2.033,1.63075,0.0519521,6646.34,0.0506257
5,0.88,-0.1,50,6.54153,2.0741,1.69834,0.0559554,6919.25,0.0544187
5,0.88,-0.3,1,6.53022,2.03082,1.66236,0.0539387,6775.35,0.0525098
5,0.88,-0.3,2,6.56298,1.83732,1.73412,0.0466942,7059.35,0.0456208
5,0.88,-0.3,3,6.46115,1.8735,1.65981,0.0573604,6765.04,0.0557463
5,0.88,-0.3,4,6.63905,2.07529,1.77609,0.0465873,7220.08,0.0455187
5,0.88,-0.3,5,6.49862,2.0578,1.67823,0.0599786,6839.22,0.0582153
5,0.88,-0.3,6,6.51734,2.05032,1.74675,0.0619238,7108.13,0.0600455
5,0.88,-0.3,7,6.46067,1.93595,1.74677,0.0637797,7108.21,0.0617884
5,0.88,-0.3,8,6.49787,2.0777,1.65881,0.0571223,6760.99,0.0555215
5,0.88,-0.3,9,6.54143,1.953,1.73022,0.0537881,7044.22,0.0523671
5,0.88,-0.3,10,6.51303,2.00879,1.7017,0.0559611,6932.56,0.0544241
5,0.88,-0.3,11,6.54213,1.86131,1.77885,0.0530262,7230.49,0.0516449
5,0.88,-0.3,12,6.59483,1.91395,1.78608,0.0456177,7257.74,0.0445929
5,0.88,-0.3,13,6.64438,2.10079,1.67041,0.0440608,6807.83,0.0431042
5,0.88,-0.3,14,6.57,2.03342,1.72508,0.0513553,7024.25,0.0500589
5,0.88,-0.3,15,6.59119,2.11287,1.69755,0.0506749,6916.13,0.0494124
5,0.88,-0.3,16,6.57247,1.9194,1.7189,0.0476728,7000.12,0.0465543
5,0.88,-0.3,17,6.5459,2.10001,1.67891,0.0566118,6841.91,0.0550392
5,0.88,-0.3,18,6.4906,1.85763,1.64204,0.0550206,6692.7,0.0535344
5,0.88,-0.3,19,6.48745,1.88231,1.68221,0.0568269,6855.15,0.0552424
5,0.88,-0.3,20,6.55267,1.98924,1.60203,0.050708,6526.96,0.0494438
5,0.88,-0.3,21,6.55122,2.00392,1.7452,0.0547547,7102.17,0.0532826
5,0.88,-0.3,22,6.5396,1.86998,1.78922,0.0523894,7269.56,0.0510407
5,0.88,-0.3,23,6.49221,2.05774,1.69029,0.0630816,6887.33,0.0611331
5,0.88,-0.3,24,6.64583,2.24175,1.66785,0.0474238,6797.5,0.0463168
5,0.88,-0.3,25,6.55239,2.09277,1.69876,0.0564826,6920.9,0.054917
5,0.88,-0.3,26,6.49333,1.84574,1.62674,0.0509227,6629.81,0.0496478
5,0.88,-0.3,27,6.50835,2.00517,1.66764,0.055927,6796.66,0.0543918
5,0.88,-0.3,28,6.46467,1.96818,1.67373,0.0646862,6821.18,0.0626384
5,0.88,-0.3,29,6.49494,2.06081,1.79548,0.0664129,7293.02,0.0642556
5,0.88,-0.3,30,6.55168,1.99465,1.733,0.0521332,7055.04,0.0507975
5,0.88,-0.3,31,6.57378,1.99912,1.74821,0.0518257,7113.74,0.0505057
5,0.88,-0.3,32,6.57422,1.92515,1.67552,0.0468153,6828.35,0.0457363
5,0.88,-0.3,33,6.50705,2.03416,1.6945,0.0552419,6904.03,0.0537437
5,0.88,-0.3,34,6.5263,2.06077,1.73071,0.0588435,7046.14,0.0571456
5,0.88,-0.3,35,6.59359,2.08194,1.6689,0.0489534,6801.76,0.0477745
5,0.88,-0.3,36,6.57487,1.93085,1.7063,0.0461136,6950.68,0.0450665
5,0.88,-0.3,37,6.47903,1.94966,1.75379,0.0626238,7135.14,0.0607033
5,0.88,-0.3,38,6.4951,1.90685,1.66709,0.0516333,6794.44,0.0503229
5,0.88,-0.3,39,6.57463,1.95485,1.86642,0.0511312,7553.42,0.049846
5,0.88,-0.3,40,6.5683,1.97139,1.62858,0.0496927,6637.4,0.0484782
5,0.88,-0.3,41,6.5321,2.11383,1.71457,0.0589762,6983.17,0.0572708
5,0.88,-0.3,42,6.65732,2.06447,1.73783,0.0438255,7073.73,0.0428791
5,0.88,-0.3,43,6.53794,1.96067,1.65493,0.0517484,6745.25,0.0504323
5,0.88,-0.3,44,6.51007,1.92499,1.70734,0.0555016,6954.77,0.0539894
5,0.88,-0.3,45,6.57001,2.00905,1.6782,0.0496988,6839.08,0.0484841
5,0.88,-0.3,46,6.53563,1.98759,1.73972,0.0558263,7081.04,0.0542966
5,0.88,-0.3,47,6.56084,2.04497,1.66134,0.0519828,6771.24,0.0506548
5,0.88,-0.3,48,6.51715,2.03912,1.69124,0.0553204,6891.09,0.053818
5,0.88,-0.3,49,6.52402,1.9285,1.80181,0.0563707,7316.68,0.0548113
5,0.88,-0.3,50,6.44545,1.98776,1.66906,0.0670576,6802.37,0.0648587
5,0.88,-0.5,1,6.5387,1.88417,1.82603,0.0533861,7406.4,0.0519861
5,0.88,-0.5,2,6.54151,1.98568,1.7939,0.0569037,7287.11,0.0553149
5,0.88,-0.5,3,6.49835,1.97438,1.75708,0.0624645,7147.75,0.0605536
5,0.88,-0.5,4,6.50172,1.85605,1.735,0.0562859,7062.78,0.0547312
5,0.88,-0.5,5,6.62783,2.02434,1.77131,0.0486453,7201.96,0.0474811
5,0.88,-0.5,6,6.55403,1.99461,1.77586,0.0552422,7219.2,0.0537441
5,0.88,-0.5,7,6.53251,1.88804,1.83022,0.0545482,7421.82,0.0530871
5,0.88,-0.5,8,6.61373,1.94857,1.75255,0.046094,7130.39,0.0450478
5,0.88,-0.5,9,6.56518,1.99053,1.75962,0.0509468,7157.45,0.0496708
5,0.88,-0.5,10,6.54922,1.97634,1.79877,0.0539264,7305.33,0.0524982
5,0.88,-0.5,11,6.56785,1.93031,1.77022,0.0521147,7197.81,0.05078
5,0.88,-0.5,12,6.54356,1.97137,1.72969,0.0527722,7042.17,0.0514039
5,0.88,-0.5,13,6.54965,1.9513,1.78592,0.0534149,7257.15,0.0520134
5,0.88,-0.5,14,6.64633,1.94463,1.82655,0.0452133,7408.31,0.0442064
5,0.88,-0.5,15,6.64835,2.14284,1.78284,0.0495986,7245.55,0.0483887
5,0.88,-0.5,16,6.51445,1.7942,1.726,0.052511,7027.81,0.0511561
5,0.88,-0.5,17,6.51263,2.0244,1.76513,0.0622626,7178.47,0.0603639
5,0.88,-0.5,18,6.61566,2.14266,1.75089,0.0513566,7124.06,0.0500602
5,0.88,-0.5,19,6.53127,1.91557,1.80054,0.0543193,7311.94,0.0528704
5,0.88,-0.5,20,6.54751,2.0245,1.72883,0.0551862,7038.83,0.053691
5,0.88,-0.5,21,6.55511,1.95511,1.70575,0.049928,6948.49,0.0487021
5,0.88,-0.5,22,6.55516,1.92019,1.77146,0.0521073,7202.51,0.050773
5,0.88,-0.5,23,6.52497,1.94488,1.78049,0.0554267,7236.69,0.0539186
5,0.88,-0.5,24,6.55984,1.91549,1.77433,0.0529148,7213.39,0.0515391
5,0.88,-0.5,25,6.567,1.90597,1.86759,0.052182,7557.65,0.0508439
5,0.88,-0.5,26,6.53615,1.96871,1.76819,0.0574075,7190.1,0.0557907
5,0.88,-0.5,27,6.49557,1.92556,1.60518,0.0539733,6540.15,0.0525426
5,0.88,-0.5,28,6.49082,1.95972,1.73595,0.0590636,7066.43,0.0573531
5,0.88,-0.5,29,6.52839,2.02677,1.69298,0.0554074,6898.01,0.0539004
5,0.88,-0.5,30,6.56408,1.91979,1.79485,0.0515161,7290.68,0.0502117
5,0.88,-0.5,31,6.65713,2.16669,1.84213,0.0505086,7465.4,0.0492542
5,0.88,-0.5,32,6.51029,1.95191,1.80088,0.0591659,7313.22,0.0574496
5,0.88,-0.5,33,6.54428,1.96647,1.75358,0.052941,7134.35,0.051564
5,0.88,-0.5,34,6.49854,1.92567,1.84053,0.0600911,7459.57,0.0583212
5,0.88,-0.5,35,6.52222,1.97095,1.64926,0.0536046,6722.2,0.0521932
5,0.88,-0.5,36,6.53187,1.88128,1.78858,0.0554324,7267.15,0.053924
5,0.88,-0.5,37,6.56599,1.96249,1.73102,0.0500574,7047.36,0.0488252
5,0.88,-0.5,38,6.60225,2.01288,1.70008,0.0480556,6926.16,0.0469192
5,0.88,-0.5,39,6.51646,1.99487,1.75518,0.0612565,7140.46,0.0594181
5,0.88,-0.5,40,6.54371,2.00363,1.72977,0.0519019,7042.47,0.050578
5,0.88,-0.5,41,6.45037,1.92926,1.70874,0.0655912,6960.28,0.0634864
5,0.88,-0.5,42,6.45834,1.87407,1.73573,0.0650714,7065.61,0.0629994
5,0.88,-0.5,43,6.54093,1.95754,1.71322,0.0520177,6977.86,0.0506879
5,0.88,-0.5,44,6.50712,1.89433,1.68883,0.0580446,6881.52,0.0563921
5,0.88,-0.5,45,6.52201,1.99867,1.70311,0.055009,6938.1,0.0535233
5,0.88,-0.5,46,6.52128,1.93641,1.67492,0.0534166,6825.95,0.052015
5,0.88,-0.5,47,6.54394,1.96723,1.61381,0.0487873,6576.19,0.0476164
5,0.88,-0.5,48,6.53073,2.06647,1.75341,0.0574034,7133.71,0.0557869
5,0.88,-0.5,49,6.4558,1.84501,1.76238,0.062414,7168.01,0.0605062
5,0.88,-0.5,50,6.52187,2.06277,1.67503,0.0554031,6826.38,0.0538963
10,0.88,-0.1,1,6.98046,2.16324,2.75941,0.0633125,10180.9,0.0613499
10,0.88,-0.1,2,6.83381,2.2583,2.73366,0.121885,10117.9,0.11475
10,0.88,-0.1,3,6.93802,2.1849,2.68846,0.076238,10005.9,0.0734043
10,0.88,-0.1,4,6.90153,2.28006,2.59901,0.0757951,9778.47,0.0729939
10,0.88,-0.1,5,6.86246,2.13291,2.73639,0.0940678,10124.6,0.0897789
10,0.88,-0.1,6,6.96445,2.30864,2.72759,0.0722344,10103,0.0696872
10,0.88,-0.1,7,6.89984,2.37007,2.69007,0.0880979,10009.9,0.0843288
10,0.88,-0.1,8,6.79033,2.34454,2.71297,0.133693,10066.8,0.125141
10,0.88,-0.1,9,6.91728,2.22546,2.65943,0.075357,9932.91,0.0725877
10,0.88,-0.1,10,6.91669,2.19877,2.68129,0.0733822,9987.93,0.0707544
10,0.88,-0.1,11,6.8591,2.04565,2.7129,0.0839995,10066.7,0.0805682
10,0.88,-0.1,12,6.94581,2.17772,2.6947,0.0713148,10021.4,0.0688313
10,0.88,-0.1,13,6.88062,2.2293,2.7695,0.10656,10205.4,0.101079
10,0.88,-0.1,14,6.98545,2.15886,2.68092,0.0579541,9986.99,0.0563067
10,0.88,-0.1,15,6.96694,2.35474,2.82329,0.0823984,10334.7,0.079095
10,0.88,-0.1,16,6.90144,2.11439,2.75551,0.0843153,10171.4,0.0808586
10,0.88,-0.1,17,6.95005,2.14808,2.67263,0.0692549,9966.18,0.0669112
10,0.88,-0.1,18,7.07659,2.08111,2.79275,0.0537419,10261.6,0.0523233
10,0.88,-0.1,19,6.91436,2.16088,2.74705,0.0837528,10150.7,0.0803414
10,0.88,-0.1,20,6.87849,1.79026,2.61151,0.0642601,9810.72,0.0622389
10,0.88,-0.1,21,6.89742,2.05599,2.65048,0.0639484,9910.27,0.0619466
10,0.88,-0.1,22,6.97169,2.26899,2.71895,0.0732877,10081.6,0.0706666
10,0.88,-0.1,23,6.98324,2.15537,2.69879,0.0670783,10031.6,0.064878
10,0.88,-0.1,24,6.94979,2.26809,2.70126,0.0734427,10037.8,0.0708107
10,0.88,-0.1,25,6.88659,1.89114,2.71974,0.0692033,10083.6,0.0668631
10,0.88,-0.1,26,7.0449,2.12371,2.82352,0.0582397,10335.3,0.0565762
10,0.88,-0.1,27,6.90481,2.3264,2.68042,0.0871052,9985.74,0.0834193
10,0.88,-0.1,28,7.10662,2.22046,2.71186,0.0530373,10064.1,0.0516553
10,0.88,-0.1,29,7.01875,2.15266,2.78273,0.0613842,10237.5,0.0595381
10,0.88,-0.1,30,6.93034,1.97547,2.70151,0.0636754,10038.4,0.0616905
10,0.88,-0.1,31,6.97344,2.11967,2.78351,0.0682529,10239.4,0.0659758
10,0.88,-0.1,32,6.85746,2.1961,2.81039,0.10335,10303.9,0.0981885
10,0.88,-0.1,33,6.84709,2.23626,2.70818,0.094039,10055,0.0897527
10,0.88,-0.1,34,6.92785,2.16212,2.66974,0.0713979,9958.9,0.0689086
10,0.88,-0.1,35,6.86463,2.15882,2.74011,0.0905108,10133.7,0.0865355
10,0.88,-0.1,36,6.94172,2.41099,2.75357,0.0895964,10166.7,0.0856998
10,0.88,-0.1,37,6.95959,2.22415,2.69032,0.0686329,10010.5,0.0663307
10,0.88,-0.1,38,6.86385,2.56679,2.72645,0.11302,10100.2,0.106867
10,0.88,-0.1,39,7.04282,2.19403,2.73078,0.0638068,10110.8,0.0618138
10,0.88,-0.1,40,6.89252,2.36761,2.7292,0.0928572,10106.9,0.0886764
10,0.88,-0.1,41,6.94518,2.1081,2.75218,0.0731247,10163.3,0.070515
10,0.88,-0.1,42,6.89805,2.27269,2.74444,0.0825243,10144.4,0.0792109
10,0.88,-0.1,43,6.90159,2.37965,2.63618,0.0782157,9873.91,0.075235
10,0.88,-0.1,44,6.88793,2.37063,2.76144,0.109441,10185.8,0.103665
10,0.88,-0.1,45,6.86397,2.53053,2.63946,0.10097,9882.27,0.0960401
10,0.88,-0.1,46,7.06291,2.27756,2.71753,0.0607998,10078.2,0.0589884
10,0.88,-0.1,47,6.87572,2.34478,2.65601,0.0915074,9924.26,0.0874454
10,0.88,-0.1,48,6.90228,2.40753,2.7403,0.0918747,10134.2,0.0877805
10,0.88,-0.1,49,6.8644,2.25654,2.70926,0.112139,10057.7,0.10608
10,0.88,-0.1,50,7.02052,2.09106,2.77467,0.0589558,10218,0.0572515
10,0.88,-0.3,1,6.98604,2.16895,2.80627,0.0750367,10294.1,0.0722905
10,0.88,-0.3,2,6.90597,2.11741,2.72749,0.0869576,10102.7,0.083284
10,0.88,-0.3,3,6.99148,2.17517,2.7815,0.0747498,10234.5,0.0720243
10,0.88,-0.3,4,6.98018,2.20103,2.74327,0.0675687,10141.5,0.0653365
10,0.88,-0.3,5,6.94637,1.98032,2.7714,0.0785188,10210.1,0.0755153
10,0.88,-0.3,6,7.00262,2.18187,2.78004,0.0742474,10231,0.071558
10,0.88,-0.3,7,6.99847,2.10359,2.69233,0.0630174,10015.5,0.0610728
10,0.88,-0.3,8,6.9296,2.02976,2.72467,0.0691219,10095.8,0.0667871
10,0.88,-0.3,9,6.94042,2.18245,2.73847,0.0765531,10129.7,0.0736962
10,0.88,-0.3,10,6.97226,2.21156,2.69692,0.0655206,10027,0.0634202
10,0.88,-0.3,11,7.0223,2.06559,2.69385,0.0640887,10019.3,0.0620782
10,0.88,-0.3,12,6.96178,2.10455,2.74776,0.08199,10152.5,0.0787188
10,0.88,-0.3,13,6.85809,2.43454,2.80259,0.170704,10285.3,0.156929
10,0.88,-0.3,14,6.95936,2.18428,2.77431,0.081362,10217.1,0.07814
10,0.88,-0.3,15,7.07565,2.37168,2.74207,0.0622298,10138.6,0.0603331
10,0.88,-0.3,16,7.03845,2.18665,2.78354,0.0627297,10239.4,0.0608027
10,0.88,-0.3,17,6.87777,2.27051,2.74958,0.10857,10156.9,0.102884
10,0.88,-0.3,18,6.93304,2.08998,2.81633,0.0882322,10318.1,0.0844518
10,0.88,-0.3,19,6.97928,2.26577,2.67084,0.0708093,9961.68,0.0683605
10,0.88,-0.3,20,6.87446,2.18838,2.71315,0.102824,10067.3,0.0977142
10,0.88,-0.3,21,7.10994,2.25031,2.75772,0.0589669,10176.8,0.0572621
10,0.88,-0.3,22,6.9506,2.1413,2.76906,0.0761008,10204.4,0.0732772
10,0.88,-0.3,23,6.96578,2.30108,2.77111,0.0903849,10209.3,0.0864205
10,0.88,-0.3,24,6.9264,2.06954,2.73972,0.0770573,10132.8,0.0741632
10,0.88,-0.3,25,6.87785,2.75012,2.75932,0.153415,10180.7,0.142226
10,0.88,-0.3,26,7.04778,2.24915,2.7518,0.0628388,10162.4,0.0609052
10,0.88,-0.3,27,6.89274,2.24343,2.77879,0.108449,10227.9,0.102776
10,0.88,-0.3,28,7.04609,2.18674,2.79071,0.0627882,10256.7,0.0608577
10,0.88,-0.3,29,7.02647,2.20314,2.74667,0.065898,10149.8,0.0637737
10,0.88,-0.3,30,7.02318,2.10852,2.77748,0.0651302,10224.8,0.0630545
10,0.88,-0.3,31,7.0511,2.19315,2.80935,0.0738818,10301.5,0.0712186
10,0.88,-0.3,32,6.98826,1.94673,2.79632,0.0698668,10270.2,0.067482
10,0.88,-0.3,33,6.88318,2.24407,2.76279,0.106326,10189.1,0.100868
10,0.88,-0.3,34,7.04297,2.29507,2.72575,0.063219,10098.4,0.0612621
10,0.88,-0.3,35,6.91219,2.03978,2.69725,0.0778626,10027.8,0.0749085
10,0.88,-0.3,36,7.01857,2.12661,2.78683,0.0690298,10247.4,0.0667011
10,0.88,-0.3,37,7.03198,2.12741,2.70922,0.0557411,10057.6,0.054216
10,0.88,-0.3,38,6.95851,1.96045,2.76582,0.0687644,10196.5,0.0664534
10,0.88,-0.3,39,6.93247,2.14751,2.72875,0.0823181,10105.8,0.0790211
10,0.88,-0.3,40,6.87279,2.46888,2.73978,0.123684,10132.9,0.116341
10,0.88,-0.3,41,7.02088,2.10304,2.82813,0.0698324,10346.2,0.0674499
10,0.88,-0.3,42,6.97884,2.35536,2.78628,0.0837331,10246,0.0803233
10,0.88,-0.3,43,6.98811,2.07563,2.77057,0.0740748,10208,0.0713978
10,0.88,-0.3,44,6.95413,2.24174,2.71378,0.0763015,10068.9,0.0734632
10,0.88,-0.3,45,6.89455,2.07024,2.71853,0.0791212,10080.6,0.076072
10,0.88,-0.3,46,6.91887,1.92314,2.72905,0.0750141,10106.6,0.0722696
10,0.88,-0.3,47,6.92891,2.23315,2.73309,0.0874838,10116.5,0.0837663
10,0.88,-0.3,48,6.94967,2.16482,2.65163,0.0718056,9913.17,0.0692882
10,0.88,-0.3,49,7.03186,2.23802,2.75347,0.0625173,10166.4,0.0606032
10,0.88,-0.3,50,6.94727,2.22766,2.74725,0.0785134,10151.2,0.0755103
10,0.88,-0.5,1,7.11995,2.08437,2.83338,0.0604312,10358.7,0.0586415
10,0.88,-0.5,2,7.11911,1.94912,2.83838,0.064586,10370.5,0.0625445
10,0.88,-0.5,3,6.99231,2.10407,2.83188,0.0887852,10355.1,0.0849579
10,0.88,-0.5,4,6.94475,2.29988,2.81071,0.128995,10304.7,0.121021
10,0.88,-0.5,5,7.04704,2.11711,2.86699,0.0876418,10437.9,0.0839111
10,0.88,-0.5,6,7.11887,2.1835,2.86711,0.0707124,10438.2,0.0682702
10,0.88,-0.5,7,7.03092,2.10532,2.79898,0.0725177,10276.6,0.0699507
10,0.88,-0.5,8,6.96976,2.08373,2.81522,0.105229,10315.5,0.0998821
10,0.88,-0.5,9,7.10803,2.05749,2.85596,0.0684352,10412,0.066146
10,0.88,-0.5,10,7.08606,2.33102,2.85634,0.0816737,10412.9,0.0784274
10,0.88,-0.5,11,6.967,2.11042,2.81856,0.106614,10323.4,0.101128
10,0.88,-0.5,12,7.05599,2.18036,2.76891,0.0711325,10204,0.0686615
10,0.88,-0.5,13,6.98442,2.21566,2.91166,0.117564,10541.8,0.110917
10,0.88,-0.5,14,6.96674,2.10177,2.79326,0.0851293,10262.8,0.0816065
10,0.88,-0.5,15,6.9991,2.0378,2.78768,0.0835535,10249.4,0.0801581
10,0.88,-0.5,16,7.09215,2.29528,2.83503,0.0760066,10362.6,0.0731899
10,0.88,-0.5,17,7.00641,2.20154,2.84854,0.0974752,10394.5,0.0928752
10,0.88,-0.5,18,7.00928,2.24077,2.84927,0.0962519,10396.3,0.0917648
10,0.88,-0.5,19,7.03577,2.3862,2.77904,0.0980561,10228.6,0.093402
10,0.88,-0.5,20,7.13048,1.77813,2.89157,0.0510012,10495.3,0.0497225
10,0.88,-0.5,21,7.0441,2.09759,2.83266,0.0818535,10357,0.078593
10,0.88,-0.5,22,6.97573,2.43334,2.82499,0.112585,10338.7,0.106479
10,0.88,-0.5,23,7.02601,1.98081,2.90828,0.0773363,10534,0.0744215
10,0.88,-0.5,24,7.0174,2.13589,2.84565,0.0793032,10387.7,0.0762402
10,0.88,-0.5,25,7.11827,2.02252,2.78369,0.0602483,10239.8,0.0584693
10,0.88,-0.5,26,7.12552,2.17166,2.76597,0.062075,10196.9,0.0601876
10,0.88,-0.5,27,7.10966,1.94167,2.7996,0.0566492,10278.1,0.0550746
10,0.88,-0.5,28,7.11709,1.93005,2.80032,0.0550502,10279.8,0.0535624
10,0.88,-0.5,29,7.09697,2.25042,2.83521,0.073379,10363,0.0707514
10,0.88,-0.5,30,7.11184,1.80193,2.82911,0.0500809,10348.5,0.0488476
10,0.88,-0.5,31,7.09396,1.91415,2.88182,0.0667177,10472.6,0.0645408
10,0.88,-0.5,32,7.08982,2.06272,2.83066,0.0663258,10352.2,0.0641741
10,0.88,-0.5,33,7.00662,2.06377,2.85708,0.0853335,10414.7,0.081794
10,0.88,-0.5,34,7.046,1.97458,2.8229,0.0717353,10333.8,0.0692227
10,0.88,-0.5,35,6.97411,1.92412,2.86444,0.0956315,10431.9,0.0912011
10,0.88,-0.5,36,7.05715,1.97936,2.80863,0.0710181,10299.7,0.068555
10,0.88,-0.5,37,6.94503,2.41757,2.85602,0.151403,10412.2,0.140499
10,0.88,-0.5,38,7.10437,2.22698,2.81535,0.067776,10315.8,0.0655302
10,0.88,-0.5,39,6.92293,2.43354,2.76096,0.147499,10184.7,0.137136
10,0.88,-0.5,40,6.99987,1.87246,2.80471,0.075133,10290.3,0.0723799
10,0.88,-0.5,41,7.19843,2.06355,2.84322,0.0553875,10382,0.0538816
10,0.88,-0.5,42,6.94119,2.43853,2.81431,0.157335,10313.3,0.145583
10,0.88,-0.5,43,7.06207,1.83031,2.83162,0.0599917,10354.5,0.0582277
10,0.88,-0.5,44,7.08695,2.42328,2.74788,0.076169,10152.8,0.0733404
10,0.88,-0.5,45,7.19802,2.41172,2.90466,0.0706699,10525.6,0.0682305
10,0.88,-0.5,46,7.15672,1.9712,2.90035,0.0563322,10515.7,0.0547749
10,0.88,-0.5,47,7.05746,1.70222,2.80426,0.0571359,10289.3,0.0555343
10,0.88,-0.5,48,7.15311,2.05742,2.8386,0.0572574,10371.1,0.0556491
10,0.88,-0.5,49,7.01975,2.09836,2.78091,0.0738596,10233.1,0.0711979
10,0.88,-0.5,50,6.98874,1.86312,2.85383,0.0870628,10407,0.0833804
15,0.88,-0.1,1,7.59777,2.41098,3.22683,0.067063,11232.5,0.0648637
15,0.88,-0.1,2,7.44418,2.386,3.22365,0.107903,11225.9,0.102285
15,0.88,-0.1,3,7.37587,2.83818,3.27344,0.173709,11328.9,0.159458
15,0.88,-0.1,4,7.42097,2.84044,3.22541,0.136039,11229.5,0.127191
15,0.88,-0.1,5,7.4833,2.51708,3.22598,0.0979182,11230.7,0.0932769
15,0.88,-0.1,6,7.44786,2.91771,3.27379,0.144227,11329.6,0.134309
15,0.88,-0.1,7,7.49512,2.2909,3.31263,0.0969515,11408.8,0.0923999
15,0.88,-0.1,8,7.40889,2.73856,3.19485,0.12287,11165.5,0.115622
15,0.88,-0.1,9,7.39825,3.10558,3.30544,0.21843,11394.2,0.19622
15,0.88,-0.1,10,7.37362,3.00424,3.21002,0.193226,11197.4,0.175705
15,0.88,-0.1,11,7.46692,2.50855,3.25396,0.110445,11288.7,0.104564
15,0.88,-0.1,12,7.41168,2.84236,3.24107,0.158875,11262.1,0.146897
15,0.88,-0.1,13,7.43861,2.22448,3.22233,0.0847569,11223.1,0.0812644
15,0.88,-0.1,14,7.37476,3.24435,3.25167,0.190506,11284,0.173459
15,0.88,-0.1,15,7.40523,2.93656,3.1562,0.133296,11083.8,0.124794
15,0.88,-0.1,16,7.49304,2.40711,3.25893,0.0869365,11299,0.0832647
15,0.88,-0.1,17,7.44457,2.68036,3.1771,0.108012,11128.1,0.102384
15,0.88,-0.1,18,7.32818,3.35373,3.20987,0.274818,11197.1,0.24029
15,0.88,-0.1,19,7.44095,2.71378,3.22264,0.122851,11223.8,0.115604
15,0.88,-0.1,20,7.40474,3.03258,3.21368,0.183013,11205,0.167243
15,0.88,-0.1,21,7.59294,2.18449,3.28046,0.0652095,11343.3,0.0631289
15,0.88,-0.1,22,7.35452,3.15172,3.23416,0.227438,11247.7,0.203428
15,0.88,-0.1,23,7.46708,2.2557,3.22536,0.0826066,11229.4,0.0792867
15,0.88,-0.1,24,7.50944,2.31303,3.18823,0.0794827,11151.6,0.076406
15,0.88,-0.1,25,7.51296,1.99938,3.22455,0.0730283,11227.7,0.0704255
15,0.88,-0.1,26,7.44202,2.90809,3.18123,0.130843,11136.8,0.122644
15,0.88,-0.1,27,7.53612,2.53043,3.22599,0.0802466,11230.7,0.0771113
15,0.88,-0.1,28,7.55058,2.38162,3.20485,0.0755337,11186.5,0.0727516
15,0.88,-0.1,29,7.47823,2.90824,3.28047,0.144315,11343.3,0.134385
15,0.88,-0.1,30,7.40978,2.91024,3.2295,0.132483,11238,0.124083
15,0.88,-0.1,31,7.37756,3.02641,3.2052,0.180446,11187.3,0.165102
15,0.88,-0.1,32,7.32362,3.10927,3.23016,0.22576,11239.4,0.20209
15,0.88,-0.1,33,7.30946,3.0174,3.19623,0.205847,11168.4,0.186042
15,0.88,-0.1,34,7.34403,3.01989,3.19053,0.183485,11156.5,0.167635
15,0.88,-0.1,35,7.46288,2.91978,3.26152,0.141055,11304.3,0.131558
15,0.88,-0.1,36,7.2759,3.06429,3.14586,0.250972,11061.7,0.221956
15,0.88,-0.1,37,7.3776,2.59083,3.29139,0.18374,11365.6,0.167847
15,0.88,-0.1,38,7.38301,3.16565,3.23989,0.185517,11259.6,0.169325
15,0.88,-0.1,39,7.36252,2.98623,3.23634,0.204457,11252.3,0.184911
15,0.88,-0.1,40,7.39948,3.1129,3.28944,0.195102,11361.6,0.177249
15,0.88,-0.1,41,7.32546,2.55711,3.16499,0.13634,11102.4,0.127454
15,0.88,-0.1,42,7.52647,2.3939,3.17689,0.0827759,11127.7,0.0794426
15,0.88,-0.1,43,7.42884,2.415,3.18734,0.0905597,11149.7,0.0865802
15,0.88,-0.1,44,7.41582,2.77777,3.19017,0.158042,11155.7,0.146186
15,0.88,-0.1,45,7.40008,2.62148,3.24907,0.141647,11278.6,0.132073
15,0.88,-0.1,46,7.34853,2.80468,3.174,0.168041,11121.6,0.15468
15,0.88,-0.1,47,7.45681,2.95888,3.23646,0.126303,11252.5,0.118652
15,0.88,-0.1,48,7.36208,2.55885,3.22149,0.154885,11221.4,0.143486
15,0.88,-0.1,49,7.38792,2.47726,3.23053,0.119588,11240.2,0.112714
15,0.88,-0.1,50,7.45262,2.69689,3.22948,0.127828,11238,0.119995
15,0.88,-0.3,1,7.51052,2.93691,3.2575,0.170701,11296,0.156927
15,0.88,-0.3,2,7.62575,2.22991,3.26461,0.0719311,11310.7,0.069405
15,0.88,-0.3,3,7.50184,3.11192,3.23163,0.231183,11242.5,0.206406
15,0.88,-0.3,4,7.46034,3.40943,3.27578,0.226647,11333.7,0.202798
15,0.88,-0.3,5,7.48956,2.73194,3.26367,0.179393,11308.8,0.164223
15,0.88,-0.3,6,7.53186,2.27239,3.24194,0.105199,11263.9,0.0998551
15,0.88,-0.3,7,7.61557,2.50009,3.31599,0.103517,11415.6,0.098339
15,0.88,-0.3,8,7.52094,2.61383,3.24777,0.110114,11276,0.104268
15,0.88,-0.3,9,7.47013,2.88463,3.24941,0.189119,11279.4,0.172312
15,0.88,-0.3,10,7.47168,2.85616,3.24098,0.168368,11261.9,0.154958
15,0.88,-0.3,11,7.57763,2.18505,3.22025,0.0838319,11218.8,0.0804142
15,0.88,-0.3,12,7.44365,2.52065,3.24628,0.148558,11272.9,0.13805
15,0.88,-0.3,13,7.53112,2.26199,3.20352,0.0872989,11183.8,0.0835969
15,0.88,-0.3,14,7.35368,2.73126,3.15767,0.189772,11086.9,0.172853
15,0.88,-0.3,15,7.56905,2.85315,3.31731,0.137805,11418.3,0.128731
15,0.88,-0.3,16,7.53224,2.30396,3.29372,0.110629,11370.4,0.104729
15,0.88,-0.3,17,7.39328,2.60036,3.21061,0.166209,11198.6,0.153131
15,0.88,-0.3,18,7.64137,2.11031,3.28116,0.0668532,11344.7,0.0646675
15,0.88,-0.3,19,7.75624,1.89784,3.24518,0.04386,11270.6,0.0429121
15,0.88,-0.3,20,7.43831,2.96566,3.26517,0.220493,11311.9,0.197877
15,0.88,-0.3,21,7.51895,2.24986,3.29848,0.100859,11380.1,0.0959396
15,0.88,-0.3,22,7.4806,2.845,3.25601,0.185722,11293,0.169496
15,0.88,-0.3,23,7.65394,2.28331,3.25406,0.0778071,11288.9,0.0748571
15,0.88,-0.3,24,7.44634,3.12265,3.23419,0.238006,11247.8,0.211802
15,0.88,-0.3,25,7.54749,2.57227,3.24242,0.107487,11264.9,0.101912
15,0.88,-0.3,26,7.48879,2.05878,3.19035,0.0925592,11156.1,0.0884048
15,0.88,-0.3,27,7.41221,2.94839,3.26212,0.228969,11305.6,0.204647
15,0.88,-0.3,28,7.51148,2.66801,3.21157,0.130499,11200.6,0.122343
15,0.88,-0.3,29,7.45716,3.29754,3.3004,0.290953,11384,0.252449
15,0.88,-0.3,30,7.55842,2.57095,3.25339,0.109062,11287.6,0.103326
15,0.88,-0.3,31,7.61704,1.94931,3.32124,0.067162,11426.3,0.0649563
15,0.88,-0.3,32,7.73298,2.11867,3.23806,0.0535401,11255.8,0.0521321
15,0.88,-0.3,33,7.48261,2.72767,3.22833,0.128883,11235.6,0.120923
15,0.88,-0.3,34,7.5048,2.74838,3.26458,0.148783,11310.6,0.138244
15,0.88,-0.3,35,7.52565,3.03374,3.26677,0.172858,11315.1,0.158743
15,0.88,-0.3,36,7.59226,2.33833,3.27684,0.0880334,11335.8,0.0842697
15,0.88,-0.3,37,7.64584,2.37684,3.247,0.0734497,11274.4,0.0708171
15,0.88,-0.3,38,7.52582,2.58972,3.21954,0.096821,11217.3,0.0922816
15,0.88,-0.3,39,7.64182,2.55603,3.33701,0.101258,11458.1,0.0963005
15,0.88,-0.3,40,7.38484,3.03607,3.22795,0.223268,11234.8,0.2001
15,0.88,-0.3,41,7.56198,2.33167,3.23055,0.0919012,11240.2,0.0878047
15,0.88,-0.3,42,7.56893,2.15381,3.25059,0.0956467,11281.8,0.091215
15,0.88,-0.3,43,7.65706,1.98111,3.31683,0.0633152,11417.3,0.0613525
15,0.88,-0.3,44,7.69471,2.20711,3.3291,0.0681831,11442.2,0.0659106
15,0.88,-0.3,45,7.63366,2.194,3.274,0.0705485,11330,0.0681174
15,0.88,-0.3,46,7.62416,2.48076,3.22129,0.0813569,11220.9,0.0781354
15,0.88,-0.3,47,7.61843,2.50917,3.28514,0.109599,11352.8,0.103806
15,0.88,-0.3,48,7.4738,2.47841,3.28143,0.141925,11345.2,0.132313
15,0.88,-0.3,49,7.45395,3.21151,3.22489,0.243892,11228.4,0.216427
15,0.88,-0.3,50,7.52307,2.78374,3.26377,0.146919,11309,0.136636
15,0.88,-0.5,1,7.52918,3.9875,3.20227,0.457352,11181.1,0.367043
15,0.88,-0.5,2,7.51511,3.57507,3.26298,0.38575,11307.4,0.320059
15,0.88,-0.5,3,7.59083,2.59812,3.23225,0.185653,11243.8,0.169438
15,0.88,-0.5,4,7.62971,3.25467,3.29588,0.261704,11374.8,0.230261
15,0.88,-0.5,5,7.71233,2.72181,3.28021,0.134411,11342.7,0.125769
15,0.88,-0.5,6,7.57136,3.72907,3.28887,0.429826,11360.5,0.349378
15,0.88,-0.5,7,7.83317,2.17824,3.28887,0.0704422,11360.5,0.0680184
15,0.88,-0.5,8,7.68282,2.51603,3.27976,0.108688,11341.8,0.10299
15,0.88,-0.5,9,7.54892,3.4327,3.17383,0.306584,11121.2,0.264043
15,0.88,-0.5,10,7.57952,2.84423,3.27529,0.237856,11332.7,0.211684
15,0.88,-0.5,11,7.61278,3.02029,3.3099,0.201946,11403.3,0.182861
15,0.88,-0.5,12,7.58602,2.69125,3.31417,0.302244,11412,0.260843
15,0.88,-0.5,13,7.68305,3.34881,3.31904,0.283507,11421.8,0.246862
15,0.88,-0.5,14,7.60087,2.61076,3.25415,0.159325,11289.1,0.147281
15,0.88,-0.5,15,7.85797,1.80084,3.31424,0.0569035,11412.1,0.0553147
15,0.88,-0.5,16,7.89294,2.12408,3.28779,0.0655139,11358.2,0.063414
15,0.88,-0.5,17,7.61591,2.97342,3.30131,0.250039,11385.8,0.22123
15,0.88,-0.5,18,7.55661,2.58735,3.26726,0.221993,11316.2,0.199079
15,0.88,-0.5,19,7.64428,3.07773,3.28657,0.28679,11355.8,0.249331
15,0.88,-0.5,20,7.62064,3.77377,3.29501,0.372458,11373,0.310961
15,0.88,-0.5,21,7.68885,1.85454,3.26564,0.0757359,11312.8,0.072939
15,0.88,-0.5,22,7.53436,2.5501,3.27354,0.229707,11329.1,0.205234
15,0.88,-0.5,23,7.7014,2.15968,3.32704,0.117257,11438,0.110643
15,0.88,-0.5,24,7.58717,2.36381,3.25343,0.179227,11287.7,0.164084
15,0.88,-0.5,25,7.63916,2.60485,3.27528,0.155918,11332.6,0.144371
15,0.88,-0.5,26,7.63223,2.90735,3.32201,0.216731,11427.8,0.194853
15,0.88,-0.5,27,7.73173,2.44804,3.30432,0.108711,11392,0.10301
15,0.88,-0.5,28,7.63264,2.96747,3.32918,0.211346,11442.3,0.190506
15,0.88,-0.5,29,7.56292,3.16366,3.27993,0.375085,11342.2,0.312769
15,0.88,-0.5,30,7.61398,2.96102,3.28595,0.233794,11354.5,0.208475
15,0.88,-0.5,31,7.88847,2.02556,3.30464,0.0505364,11392.6,0.0492806
15,0.88,-0.5,32,7.70192,2.31803,3.26767,0.0958883,11317,0.0914345
15,0.88,-0.5,33,7.80549,2.0727,3.28714,0.0647767,11356.9,0.0627233
15,0.88,-0.5,34,7.91029,1.92523,3.30299,0.0537083,11389.2,0.0522914
15,0.88,-0.5,35,7.69679,2.65081,3.31904,0.144975,11421.8,0.134956
15,0.88,-0.5,36,7.72756,2.37929,3.27938,0.077574,11341,0.0746414
15,0.88,-0.5,37,7.63952,3.06214,3.29924,0.276136,11381.6,0.24129
15,0.88,-0.5,38,7.56739,3.41212,3.31809,0.361722,11419.9,0.303524
15,0.88,-0.5,39,7.75813,2.03018,3.28491,0.0761756,11352.4,0.0733465
15,0.88,-0.5,40,7.57217,3.38828,3.3152,0.431981,11414,0.350778
15,0.88,-0.5,41,7.70036,2.13367,3.25847,0.0883994,11298,0.0846048
15,0.88,-0.5,42,7.60617,3.17828,3.27517,0.252038,11332.4,0.222784
15,0.88,-0.5,43,7.68436,2.0413,3.27922,0.0865449,11340.7,0.0829057
15,0.88,-0.5,44,7.80881,2.05812,3.30095,0.0594019,11385.1,0.057672
15,0.88,-0.5,45,7.75682,2.00923,3.25192,0.0670169,11284.5,0.0648206
15,0.88,-0.5,46,7.48077,3.36598,3.23184,0.379681,11242.9,0.315921
15,0.88,-0.5,47,7.51178,3.40297,3.23405,0.33408,11247.5,0.284004
15,0.88,-0.5,48,7.61906,3.33782,3.33747,0.393519,11459,0.325321
15,0.88,-0.5,49,7.58782,3.24863,3.28619,0.321079,11355,0.274634
15,0.88,-0.5,50,7.61397,3.10254,3.3204,0.330308,11424.6,0.281298
20,0.88,-0.1,1,7.96146,3.62075,3.44551,0.269157,11673.1,0.235977
20,0.88,-0.1,2,7.96515,2.83174,3.43813,0.149539,11658.7,0.138895
20,0.88,-0.1,3,7.94183,3.20311,3.49124,0.208351,11761.7,0.188078
20,0.88,-0.1,4,7.97318,2.81938,3.46026,0.111007,11701.8,0.105067
20,0.88,-0.1,5,7.93129,3.14654,3.45316,0.217699,11688,0.195632
20,0.88,-0.1,6,7.87299,3.55859,3.41275,0.26242,11608.9,0.230812
20,0.88,-0.1,7,7.94729,3.58574,3.43141,0.205767,11645.6,0.185977
20,0.88,-0.1,8,7.91855,3.04602,3.46325,0.184003,11707.6,0.168066
20,0.88,-0.1,9,8.0793,2.79424,3.48682,0.0951606,11753.2,0.0907731
20,0.88,-0.1,10,7.92499,3.19345,3.43736,0.182661,11657.2,0.16695
20,0.88,-0.1,11,7.97307,3.3765,3.51902,0.272705,11815,0.238683
20,0.88,-0.1,12,7.97228,4.13613,3.45377,0.347027,11689.2,0.293213
20,0.88,-0.1,13,7.89385,3.56555,3.45371,0.250314,11689.1,0.221444
20,0.88,-0.1,14,7.84399,3.86393,3.4311,0.276474,11645,0.241547
20,0.88,-0.1,15,7.91017,3.04843,3.48262,0.185147,11745.1,0.169018
20,0.88,-0.1,16,7.95926,2.78057,3.47193,0.14402,11724.5,0.13413
20,0.88,-0.1,17,7.96798,3.2963,3.44852,0.218312,11679,0.196125
20,0.88,-0.1,18,7.93919,2.89783,3.46499,0.129507,11711,0.121472
20,0.88,-0.1,19,7.85887,4.03465,3.4714,0.305332,11723.4,0.263122
20,0.88,-0.1,20,7.9944,2.81733,3.45294,0.121729,11687.6,0.114611
20,0.88,-0.1,21,7.94468,2.48297,3.49768,0.135994,11774.1,0.127152
20,0.88,-0.1,22,7.93186,3.31888,3.40347,0.182193,11590.6,0.166559
20,0.88,-0.1,23,7.98998,3.1727,3.47063,0.171712,11721.9,0.157778
20,0.88,-0.1,24,7.92451,3.18353,3.44593,0.186583,11673.9,0.17021
20,0.88,-0.1,25,7.89191,3.42867,3.50103,0.260448,11780.5,0.229294
20,0.88,-0.1,26,7.90494,3.56348,3.46614,0.216541,11713.2,0.194701
20,0.88,-0.1,27,7.94746,3.45962,3.49377,0.220585,11766.6,0.197951
20,0.88,-0.1,28,7.83612,3.25294,3.47216,0.283248,11724.9,0.246667
20,0.88,-0.1,29,7.86478,3.6858,3.42691,0.297495,11636.8,0.257324
20,0.88,-0.1,30,8.01093,2.90467,3.46568,0.132633,11712.4,0.124213
20,0.88,-0.1,31,7.88432,3.82059,3.4663,0.313342,11713.5,0.269
20,0.88,-0.1,32,7.86597,3.64726,3.51099,0.4111,11799.6,0.337079
20,0.88,-0.1,33,7.98927,2.96601,3.46674,0.163866,11714.4,0.151144
20,0.88,-0.1,34,7.95311,3.02746,3.38845,0.163208,11560.9,0.150586
20,0.88,-0.1,35,7.98888,2.62454,3.51124,0.132541,11800.1,0.124133
20,0.88,-0.1,36,7.90246,3.55573,3.41693,0.254908,11617.2,0.225012
20,0.88,-0.1,37,7.89803,4.22964,3.48131,0.329948,11742.6,0.281039
20,0.88,-0.1,38,7.86129,3.6544,3.48383,0.254397,11747.4,0.224616
20,0.88,-0.1,39,7.91272,3.12878,3.51672,0.183405,11810.6,0.167569
20,0.88,-0.1,40,7.96811,3.4482,3.4868,0.220815,11753.2,0.198135
20,0.88,-0.1,41,7.98151,3.22036,3.4861,0.165798,11751.8,0.152783
20,0.88,-0.1,42,7.95867,2.63044,3.49752,0.123491,11773.8,0.11617
20,0.88,-0.1,43,7.92282,3.33624,3.52828,0.278305,11832.7,0.242934
20,0.88,-0.1,44,8.01166,2.92269,3.47125,0.125408,11723.1,0.117863
20,0.88,-0.1,45,7.94478,3.66386,3.46045,0.241849,11702.2,0.214826
20,0.88,-0.1,46,7.95841,3.66892,3.49938,0.24235,11777.4,0.215219
20,0.88,-0.1,47,7.94539,3.68694,3.44309,0.278204,11668.4,0.242858
20,0.88,-0.1,48,7.96361,3.66029,3.47485,0.213754,11730.1,0.192453
20,0.88,-0.1,49,7.82274,3.01741,3.40529,0.203722,11594.2,0.184311
20,0.88,-0.1,50,7.93111,3.29599,3.43937,0.207694,11661.1,0.187544
20,0.88,-0.3,1,8.02896,2.65944,3.46431,0.163336,11709.7,0.150694
20,0.88,-0.3,2,8.0526,2.75614,3.50203,0.214358,11782.5,0.192941
20,0.88,-0.3,3,8.03171,3.19531,3.49946,0.306111,11777.5,0.263695
20,0.88,-0.3,4,8.0407,3.16701,3.51579,0.27414,11808.8,0.239774
20,0.88,-0.3,5,8.01052,3.50604,3.49572,0.296316,11770.3,0.256448
20,0.88,-0.3,6,7.92798,3.24011,3.41411,0.242545,11611.6,0.215372
20,0.88,-0.3,7,8.02609,3.54092,3.49034,0.252161,11760,0.222881
20,0.88,-0.3,8,8.00808,3.5147,3.49361,0.348359,11766.3,0.294155
20,0.88,-0.3,9,7.9329,3.46792,3.41585,0.31563,11615,0.27067
20,0.88,-0.3,10,7.94789,3.65467,3.44231,0.333579,11666.9,0.283644
20,0.88,-0.3,11,8.21173,2.29142,3.49073,0.074065,11760.7,0.0713887
20,0.88,-0.3,12,7.98097,3.56785,3.44709,0.342012,11676.2,0.289661
20,0.88,-0.3,13,8.01353,3.56141,3.43497,0.284497,11652.5,0.247608
20,0.88,-0.3,14,8.06688,2.64491,3.48702,0.162877,11753.6,0.150305
20,0.88,-0.3,15,8.03398,3.85005,3.46751,0.289685,11715.9,0.251501
20,0.88,-0.3,16,8.09231,2.79704,3.45301,0.161351,11687.7,0.149007
20,0.88,-0.3,17,8.09848,2.98569,3.4901,0.178879,11759.5,0.163793
20,0.88,-0.3,18,8.00635,3.50828,3.41726,0.272368,11617.8,0.238426
20,0.88,-0.3,19,8.09393,3.10287,3.4639,0.177911,11708.9,0.162983
20,0.88,-0.3,20,8.08517,3.5844,3.49363,0.257211,11766.3,0.226795
20,0.88,-0.3,21,8.13739,2.51386,3.44708,0.116786,11676.2,0.110225
20,0.88,-0.3,22,8.02928,2.93703,3.46543,0.188939,11711.9,0.172163
20,0.88,-0.3,23,7.99351,3.71594,3.43387,0.306578,11650.4,0.264039
20,0.88,-0.3,24,8.00343,3.3798,3.49734,0.332674,11773.5,0.282996
20,0.88,-0.3,25,7.93786,4.07531,3.44431,0.516901,11670.8,0.403634
20,0.88,-0.3,26,7.97628,3.76756,3.4788,0.391422,11737.7,0.323905
20,0.88,-0.3,27,7.98278,3.91307,3.44889,0.425005,11679.7,0.346234
20,0.88,-0.3,28,8.00126,3.71953,3.46411,0.323207,11709.3,0.276176
20,0.88,-0.3,29,7.96923,3.43122,3.45602,0.272929,11693.6,0.238853
20,0.88,-0.3,30,8.3069,2.0809,3.4841,0.0539682,11748,0.0525377
20,0.88,-0.3,31,8.01303,3.36423,3.47525,0.257803,11730.9,0.227253
20,0.88,-0.3,32,8.03792,2.7059,3.46284,0.169342,11706.8,0.15578
20,0.88,-0.3,33,8.19792,2.37782,3.52386,0.0846304,11824.2,0.0811482
20,0.88,-0.3,34,7.99454,4.73023,3.42241,0.496228,11627.9,0.391177
20,0.88,-0.3,35,8.01928,3.22515,3.50862,0.227449,11795.1,0.203437
20,0.88,-0.3,36,8.0559,3.78552,3.44317,0.240894,11668.6,0.214075
20,0.88,-0.3,37,8.06073,3.36286,3.48492,0.261833,11749.6,0.230361
20,0.88,-0.3,38,8.08003,2.93626,3.46215,0.160662,11705.5,0.14842
20,0.88,-0.3,39,8.08986,3.34619,3.45424,0.231974,11690.1,0.207033
20,0.88,-0.3,40,7.93665,3.65767,3.384,0.391403,11552.1,0.323893
20,0.88,-0.3,41,8.15548,2.62299,3.51566,0.132442,11808.6,0.124047
20,0.88,-0.3,42,8.00239,3.48757,3.4383,0.285831,11659,0.24861
20,0.88,-0.3,43,8.03442,3.31161,3.4235,0.221879,11630.1,0.198988
20,0.88,-0.3,44,7.98169,3.81817,3.48085,0.290921,11741.7,0.252425
20,0.88,-0.3,45,8.01378,3.07644,3.43351,0.184096,11649.7,0.168144
20,0.88,-0.3,46,8.15353,2.20849,3.4851,0.081301,11749.9,0.0780838
20,0.88,-0.3,47,8.03308,4.14561,3.50371,0.432063,11785.7,0.350832
20,0.88,-0.3,48,8.08722,2.35244,3.4864,0.116854,11752.4,0.110285
20,0.88,-0.3,49,8.01882,3.64419,3.43977,0.297243,11661.9,0.257137
20,0.88,-0.3,50,8.19285,2.16181,3.48169,0.0837226,11743.3,0.0803136
20,0.88,-0.5,1,8.18776,2.68971,3.46374,0.304176,11708.6,0.262269
20,0.88,-0.5,2,8.20535,3.27953,3.47963,0.378801,11739.3,0.315318
20,0.88,-0.5,3,8.62091,2.14916,3.50311,0.0472856,11784.5,0.046185
20,0.88,-0.5,4,8.53368,1.89044,3.38401,0.0459308,11552.1,0.0448919
20,0.88,-0.5,5,8.25462,3.38688,3.45442,0.35132,11690.5,0.296241
20,0.88,-0.5,6,8.22975,4.56197,3.50786,0.581584,11793.6,0.440988
20,0.88,-0.5,7,8.17443,3.31688,3.44584,0.488073,11673.8,0.386192
20,0.88,-0.5,8,8.17964,3.05034,3.43551,0.429209,11653.6,0.348976
20,0.88,-0.5,9,8.22962,2.86246,3.5189,0.314107,11814.8,0.269559
20,0.88,-0.5,10,8.26476,3.9769,3.45087,0.523088,11683.6,0.407312
20,0.88,-0.5,11,8.21842,3.22943,3.44302,0.422276,11668.3,0.344447
20,0.88,-0.5,12,8.48314,1.94055,3.42906,0.0592504,11641,0.0575292
20,0.88,-0.5,13,8.18414,4.33586,3.4455,0.494141,11673.1,0.389905
20,0.88,-0.5,14,8.19681,4.04555,3.45325,0.586467,11688.2,0.443711
20,0.88,-0.5,15,8.10641,3.87389,3.44567,0.660597,11673.4,0.483457
20,0.88,-0.5,16,8.20185,3.2797,3.40637,0.345798,11596.3,0.292344
20,0.88,-0.5,17,8.19887,4.16563,3.46268,0.666647,11706.5,0.486573
20,0.88,-0.5,18,8.22874,3.76972,3.42908,0.512548,11641,0.401033
20,0.88,-0.5,19,8.44606,1.80763,3.47436,0.0571612,11729.1,0.0555582
20,0.88,-0.5,20,8.18875,4.21896,3.42146,0.491808,11626,0.38848
20,0.88,-0.5,21,8.40587,1.76215,3.44364,0.0605671,11669.5,0.0587694
20,0.88,-0.5,22,8.48226,1.68876,3.47209,0.0506803,11724.8,0.0494175
20,0.88,-0.5,23,8.37518,1.9724,3.42588,0.0599305,11634.7,0.05817
20,0.88,-0.5,24,8.25274,4.42054,3.42414,0.537904,11631.3,0.416029
20,0.88,-0.5,25,8.18115,4.08982,3.43044,0.665562,11643.7,0.486015
20,0.88,-0.5,26,8.4345,1.85126,3.47255,0.064547,11725.7,0.0625079
20,0.88,-0.5,27,8.1652,2.98892,3.44948,0.431703,11680.9,0.350598
20,0.88,-0.5,28,8.23496,3.68377,3.47952,0.401607,11739.1,0.330756
20,0.88,-0.5,29,8.24093,3.99292,3.49681,0.537942,11772.4,0.416051
20,0.88,-0.5,30,8.19434,3.7324,3.44978,0.441902,11681.4,0.357187
20,0.88,-0.5,31,8.18235,3.83497,3.47777,0.449123,11735.7,0.361812
20,0.88,-0.5,32,8.21778,4.19488,3.43542,0.703572,11653.4,0.505185
20,0.88,-0.5,33,8.19629,2.81448,3.47512,0.338641,11730.6,0.287262
20,0.88,-0.5,34,8.3083,2.21345,3.47651,0.120143,11733.3,0.113206
20,0.88,-0.5,35,8.18933,4.15983,3.51039,0.634803,11798.5,0.46996
20,0.88,-0.5,36,8.22038,4.03894,3.50203,0.460012,11782.5,0.368724
20,0.88,-0.5,37,8.18201,4.28426,3.4612,0.743423,11703.6,0.524516
20,0.88,-0.5,38,8.25981,4.43594,3.44848,0.49972,11678.9,0.393299
20,0.88,-0.5,39,8.23862,3.97352,3.46848,0.383708,11717.8,0.318669
20,0.88,-0.5,40,8.50037,1.99222,3.50306,0.0619139,11784.4,0.0600362
20,0.88,-0.5,41,8.47704,1.74243,3.46477,0.0530892,11710.6,0.0517046
20,0.88,-0.5,42,8.32933,2.06073,3.4644,0.115302,11709.9,0.108903
20,0.88,-0.5,43,8.16433,3.51029,3.46606,0.415338,11713.1,0.339883
20,0.88,-0.5,44,8.19807,3.89519,3.46561,0.504754,11712.2,0.396346
20,0.88,-0.5,45,8.17128,4.43039,3.47065,0.722139,11722,0.514288
20,0.88,-0.5,46,8.19056,3.29747,3.45109,0.410992,11684,0.337008
20,0.88,-0.5,47,8.47268,1.79907,3.47769,0.0653363,11735.6,0.0632476
20,0.88,-0.5,48,8.14931,4.21694,3.43569,0.590368,11653.9,0.445877
20,0.88,-0.5,49,8.16431,3.00023,3.45433,0.334956,11690.3,0.284631
20,0.88,-0.5,50,8.15443,4.5169,3.41633,0.613389,11616,0.458488
25,0.88,-0.1,1,8.48623,3.81846,3.57791,0.237912,11926.5,0.211728
25,0.88,-0.1,2,8.47476,3.46529,3.54942,0.226932,11872.8,0.203025
25,0.88,-0.1,3,8.50922,3.20003,3.58261,0.170134,11935.3,0.156448
25,0.88,-0.1,4,8.3966,4.21424,3.56057,0.320295,11893.9,0.274065
25,0.88,-0.1,5,8.32501,4.36228,3.54074,0.453831,11856.3,0.36481
25,0.88,-0.1,6,8.40513,4.09036,3.60512,0.297285,11977.4,0.257167
25,0.88,-0.1,7,8.32976,4.82124,3.5929,0.540388,11954.6,0.417478
25,0.88,-0.1,8,8.43138,4.11828,3.54469,0.278715,11863.8,0.243244
25,0.88,-0.1,9,8.39415,3.80248,3.53781,0.24697,11850.8,0.218836
25,0.88,-0.1,10,8.40673,4.38174,3.58554,0.382893,11940.8,0.318114
25,0.88,-0.1,11,8.4062,3.61976,3.63517,0.313463,12033.2,0.269089
25,0.88,-0.1,12,8.38737,3.87617,3.5777,0.339274,11926.1,0.287713
25,0.88,-0.1,13,8.34743,4.18697,3.56769,0.331394,11907.3,0.282078
25,0.88,-0.1,14,8.34242,3.31452,3.60243,0.296988,11972.4,0.256947
25,0.88,-0.1,15,8.33035,3.49515,3.59371,0.256109,11956.1,0.225942
25,0.88,-0.1,16,8.44192,4.65716,3.54493,0.410004,11864.3,0.336352
25,0.88,-0.1,17,8.38804,4.30046,3.56412,0.360411,11900.6,0.30261
25,0.88,-0.1,18,8.45198,3.1942,3.54974,0.162383,11873.4,0.149885
25,0.88,-0.1,19,8.39476,4.50809,3.54225,0.33272,11859.2,0.283029
25,0.88,-0.1,20,8.4595,3.57276,3.555,0.23916,11883.4,0.212711
25,0.88,-0.1,21,8.45039,3.09338,3.54706,0.172933,11868.3,0.158806
25,0.88,-0.1,22,8.41846,3.78249,3.57546,0.243226,11921.9,0.215906
25,0.88,-0.1,23,8.32504,3.89551,3.53996,0.31421,11854.8,0.269634
25,0.88,-0.1,24,8.43009,4.24884,3.58004,0.296282,11930.5,0.256423
25,0.88,-0.1,25,8.45969,3.62001,3.5559,0.199943,11885,0.181223
25,0.88,-0.1,26,8.48505,3.48155,3.54173,0.153112,11858.2,0.141966
25,0.88,-0.1,27,8.52862,2.37635,3.5679,0.078173,11907.7,0.0751956
25,0.88,-0.1,28,8.39827,3.53038,3.60007,0.244618,11968,0.216996
25,0.88,-0.1,29,8.55673,3.51247,3.62556,0.185761,12015.4,0.169528
25,0.88,-0.1,30,8.47486,4.27399,3.54632,0.249678,11866.9,0.220949
25,0.88,-0.1,31,8.44229,3.52802,3.56116,0.222679,11895,0.199629
25,0.88,-0.1,32,8.41593,3.29154,3.51153,0.187573,11800.7,0.171031
25,0.88,-0.1,33,8.40079,3.63876,3.51572,0.246131,11808.7,0.21818
25,0.88,-0.1,34,8.33201,4.18589,3.50807,0.389667,11794,0.322717
25,0.88,-0.1,35,8.36017,4.1554,3.53196,0.293797,11839.7,0.254572
25,0.88,-0.1,36,8.37807,3.62608,3.56439,0.274082,11901.1,0.23973
25,0.88,-0.1,37,8.45758,3.7883,3.55552,0.281324,11884.3,0.245216
25,0.88,-0.1,38,8.42904,3.60359,3.5824,0.227137,11934.9,0.203188
25,0.88,-0.1,39,8.41878,3.74779,3.57454,0.325875,11920.2,0.278105
25,0.88,-0.1,40,8.45479,3.72689,3.58879,0.220982,11946.9,0.198269
25,0.88,-0.1,41,8.47462,3.99425,3.55153,0.281634,11876.8,0.24545
25,0.88,-0.1,42,8.35487,3.78825,3.56598,0.290315,11904.1,0.251972
25,0.88,-0.1,43,8.43349,4.25083,3.54856,0.280232,11871.2,0.244392
25,0.88,-0.1,44,8.40691,3.02523,3.58889,0.183964,11947.1,0.168034
25,0.88,-0.1,45,8.37558,3.98425,3.55329,0.289165,11880.1,0.251111
25,0.88,-0.1,46,8.5005,3.23738,3.57077,0.157525,11913.1,0.145745
25,0.88,-0.1,47,8.44149,3.30395,3.55244,0.169331,11878.5,0.155771
25,0.88,-0.1,48,8.43581,4.1781,3.53391,0.286572,11843.4,0.249167
25,0.88,-0.1,49,8.36443,4.75405,3.5458,0.388092,11865.9,0.32165
25,0.88,-0.1,50,8.35497,3.9976,3.49149,0.257679,11762.2,0.227157
25,0.88,-0.3,1,8.58148,3.96428,3.52596,0.33768,11828.2,0.286576
25,0.88,-0.3,2,8.4726,3.71488,3.50983,0.402261,11797.4,0.331194
25,0.88,-0.3,3,8.52817,4.19015,3.53095,0.36744,11837.7,0.307495
25,0.88,-0.3,4,8.51587,3.60451,3.56032,0.357686,11893.4,0.300707
25,0.88,-0.3,5,8.57206,3.35279,3.52824,0.199899,11832.6,0.181187
25,0.88,-0.3,6,8.53652,3.46354,3.53973,0.249965,11854.4,0.221172
25,0.88,-0.3,7,8.4453,3.09046,3.49245,0.344147,11764.1,0.291175
25,0.88,-0.3,8,8.51309,3.77549,3.55674,0.359928,11886.6,0.302273
25,0.88,-0.3,9,8.54709,4.04846,3.51448,0.436315,11806.3,0.353586
25,0.88,-0.3,10,8.71867,2.19401,3.54465,0.0780289,11863.7,0.0750623
25,0.88,-0.3,11,8.46792,4.51294,3.58329,0.523545,11936.6,0.407583
25,0.88,-0.3,12,8.51618,4.49291,3.56123,0.465475,11895.1,0.372163
25,0.88,-0.3,13,8.5128,4.62795,3.51161,0.396732,11800.8,0.327486
25,0.88,-0.3,14,8.551,4.80088,3.54807,0.466972,11870.2,0.373102
25,0.88,-0.3,15,8.56648,4.03626,3.50946,0.292994,11796.7,0.253974
25,0.88,-0.3,16,8.5839,3.36611,3.56244,0.279821,11897.4,0.244081
25,0.88,-0.3,17,8.54237,4.1261,3.55495,0.385206,11883.3,0.31969
25,0.88,-0.3,18,8.50669,3.41749,3.5351,0.384599,11845.6,0.319277
25,0.88,-0.3,19,8.53273,4.155,3.53342,0.414718,11842.4,0.339474
25,0.88,-0.3,20,8.62946,2.81511,3.59762,0.214462,11963.4,0.193024
25,0.88,-0.3,21,8.58034,4.25065,3.55066,0.429278,11875.1,0.349021
25,0.88,-0.3,22,8.56647,3.19083,3.5442,0.189404,11862.9,0.172548
25,0.88,-0.3,23,8.55511,3.06982,3.53267,0.233784,11841,0.208467
25,0.88,-0.3,24,8.52164,3.89308,3.568,0.353052,11907.9,0.297459
25,0.88,-0.3,25,8.49414,4.07169,3.55637,0.3827,11885.9,0.317983
25,0.88,-0.3,26,8.48408,3.48914,3.5856,0.37205,11940.9,0.31068
25,0.88,-0.3,27,8.58669,5.0967,3.54075,0.54531,11856.4,0.420338
25,0.88,-0.3,28,8.50271,4.78051,3.52809,0.540319,11832.3,0.417438
25,0.88,-0.3,29,8.53205,4.50866,3.57811,0.545168,11926.9,0.420255
25,0.88,-0.3,30,8.56174,3.46308,3.48741,0.23701,11754.4,0.211017
25,0.88,-0.3,31,8.60618,3.64917,3.52839,0.309264,11832.9,0.266013
25,0.88,-0.3,32,8.52942,3.62639,3.53418,0.339796,11843.9,0.288084
25,0.88,-0.3,33,8.46769,4.43734,3.53566,0.41835,11846.7,0.341868
25,0.88,-0.3,34,8.52496,3.67661,3.5628,0.311704,11898.1,0.267802
25,0.88,-0.3,35,8.57683,3.90674,3.56495,0.368218,11902.1,0.308034
25,0.88,-0.3,36,8.49048,4.53581,3.54964,0.432522,11873.2,0.351129
25,0.88,-0.3,37,8.54955,3.39044,3.53044,0.240877,11836.7,0.214062
25,0.88,-0.3,38,8.54039,4.31041,3.51166,0.352246,11800.9,0.296893
25,0.88,-0.3,39,8.50259,3.4898,3.58489,0.407143,11939.6,0.334451
25,0.88,-0.3,40,8.54702,3.68117,3.56081,0.300631,11894.3,0.259649
25,0.88,-0.3,41,8.50399,4.4607,3.50149,0.367703,11781.4,0.307677
25,0.88,-0.3,42,8.5594,3.10981,3.55167,0.246892,11877.1,0.218775
25,0.88,-0.3,43,8.4482,4.98673,3.53663,0.734669,11848.5,0.520336
25,0.88,-0.3,44,8.4863,3.7576,3.52454,0.306708,11825.5,0.264135
25,0.88,-0.3,45,8.63532,3.35418,3.54529,0.158973,11865,0.146981
25,0.88,-0.3,46,8.56207,2.89256,3.55555,0.182045,11884.4,0.166436
25,0.88,-0.3,47,8.62095,4.25486,3.52799,0.372112,11832.1,0.310723
25,0.88,-0.3,48,8.53821,4.00507,3.54902,0.330089,11872,0.28114
25,0.88,-0.3,49,8.55373,2.99301,3.60119,0.245894,11970.1,0.217995
25,0.88,-0.3,50,8.55646,4.42468,3.60288,0.448743,11973.2,0.36157
25,0.88,-0.5,1,8.72587,3.97502,3.50119,0.621195,11780.9,0.462698
25,0.88,-0.5,2,8.75507,3.97019,3.42813,0.633115,11639.1,0.469065
25,0.88,-0.5,3,8.68588,3.93536,3.49262,0.627289,11764.4,0.465962
25,0.88,-0.5,4,8.79466,4.01754,3.4809,0.597741,11741.8,0.449947
25,0.88,-0.5,5,8.93236,1.70202,3.51495,0.0603255,11807.2,0.0585419
25,0.88,-0.5,6,8.74144,5.53851,3.49125,1.05159,11761.7,0.650619
25,0.88,-0.5,7,8.70205,4.70329,3.50504,1.06141,11788.2,0.654031
25,0.88,-0.5,8,8.80978,3.13646,3.47256,0.396198,11725.7,0.327126
25,0.88,-0.5,9,8.75571,3.339,3.50026,0.428309,11779.1,0.34839
25,0.88,-0.5,10,8.71223,4.1305,3.48312,0.618162,11746.1,0.461066
25,0.88,-0.5,11,8.74536,4.28374,3.45775,0.674567,11696.9,0.490623
25,0.88,-0.5,12,8.74648,3.17104,3.49205,0.407648,11763.3,0.334787
25,0.88,-0.5,13,8.70678,4.44782,3.48392,0.683641,11747.6,0.495224
25,0.88,-0.5,14,8.75858,3.55803,3.47825,0.433484,11736.7,0.351753
25,0.88,-0.5,15,8.7262,3.78105,3.495,0.792415,11769,0.54725
25,0.88,-0.5,16,8.77484,3.48862,3.47506,0.365454,11730.5,0.306118
25,0.88,-0.5,17,8.73552,4.52195,3.47887,0.710628,11737.9,0.508664
25,0.88,-0.5,18,8.71184,4.42169,3.45265,0.731139,11687,0.51864
25,0.88,-0.5,19,8.75008,3.92101,3.50023,0.521377,11779,0.406297
25,0.88,-0.5,20,8.71342,4.70168,3.47893,0.802857,11738,0.551953
25,0.88,-0.5,21,8.73486,4.40507,3.4885,0.79082,11756.5,0.546527
25,0.88,-0.5,22,8.72638,4.88658,3.55513,0.662351,11883.6,0.484362
25,0.88,-0.5,23,8.74328,3.75781,3.50119,0.439164,11780.8,0.355425
25,0.88,-0.5,24,8.77706,4.06404,3.45952,0.624982,11700.4,0.464729
25,0.88,-0.5,25,8.79504,3.30962,3.48616,0.315928,11751.9,0.270888
25,0.88,-0.5,26,8.8372,4.43144,3.51611,0.996675,11809.4,0.630895
25,0.88,-0.5,27,8.78315,3.73398,3.53363,0.577826,11842.8,0.438883
25,0.88,-0.5,28,8.76619,4.90881,3.55009,0.736732,11874.1,0.521324
25,0.88,-0.5,29,8.722,3.65733,3.47099,0.48783,11722.6,0.386042
25,0.88,-0.5,30,8.68114,4.2057,3.49924,0.667144,11777.1,0.486828
25,0.88,-0.5,31,8.7661,4.6945,3.47627,0.736344,11732.9,0.521139
25,0.88,-0.5,32,8.74384,3.23405,3.54267,0.369044,11860,0.308605
25,0.88,-0.5,33,8.76753,3.15504,3.52713,0.372913,11830.4,0.311275
25,0.88,-0.5,34,8.79526,3.45261,3.51361,0.350988,11804.6,0.296008
25,0.88,-0.5,35,8.69811,3.78156,3.5074,0.633463,11792.8,0.46925
25,0.88,-0.5,36,8.71618,3.79695,3.52894,0.497629,11833.9,0.39203
25,0.88,-0.5,37,8.7484,3.80053,3.53132,0.566496,11838.4,0.43249
25,0.88,-0.5,38,8.77822,4.54002,3.43235,0.54482,11647.4,0.420054
25,0.88,-0.5,39,8.7661,4.42229,3.50818,0.713757,11794.2,0.510199
25,0.88,-0.5,40,8.78489,4.05157,3.50471,0.530669,11787.6,0.411789
25,0.88,-0.5,41,8.77836,3.92794,3.50708,0.445346,11792.1,0.359397
25,0.88,-0.5,42,8.79919,2.53036,3.53902,0.33024,11853.1,0.281249
25,0.88,-0.5,43,8.782,3.81321,3.4884,0.555214,11756.2,0.42605
25,0.88,-0.5,44,8.72442,3.73268,3.48916,0.481619,11757.7,0.382218
25,0.88,-0.5,45,8.83117,3.97343,3.54716,0.643297,11868.5,0.474443
25,0.88,-0.5,46,8.68822,4.45444,3.49808,0.709226,11774.9,0.507975
25,0.88,-0.5,47,8.70727,4.278,3.53429,0.632319,11844.1,0.468642
25,0.88,-0.5,48,8.72839,3.62726,3.49525,0.538511,11769.4,0.416383
25,0.88,-0.5,49,8.76436,3.96873,3.49037,0.579742,11760.1,0.439957
25,0.88,-0.5,50,8.73943,4.73367,3.48468,0.64826,11749.1,0.477045
30,0.88,-0.1,1,8.84705,3.88388,3.59131,0.267121,11951.6,0.234419
30,0.88,-0.1,2,8.81568,4.41954,3.58093,0.367857,11932.2,0.307784
30,0.88,-0.1,3,8.81442,3.34076,3.52297,0.208348,11822.5,0.188076
30,0.88,-0.1,4,8.80955,3.39551,3.60338,0.270432,11974.2,0.23695
30,0.88,-0.1,5,8.84573,4.28781,3.6065,0.252133,11980,0.222859
30,0.88,-0.1,6,8.85475,3.99081,3.63721,0.263681,12037,0.231782
30,0.88,-0.1,7,8.76175,3.99585,3.57533,0.324051,11921.7,0.276787
30,0.88,-0.1,8,8.80476,3.79312,3.64362,0.353613,12048.8,0.297854
30,0.88,-0.1,9,8.7782,5.03012,3.59369,0.528357,11956.1,0.410427
30,0.88,-0.1,10,8.80689,4.05249,3.60728,0.368688,11981.5,0.308359
30,0.88,-0.1,11,8.80601,4.11652,3.56505,0.375442,11902.3,0.313014
30,0.88,-0.1,12,8.75647,4.49755,3.57225,0.500707,11915.9,0.393898
30,0.88,-0.1,13,8.76752,4.46615,3.62685,0.409157,12017.8,0.33579
30,0.88,-0.1,14,9.09715,2.53372,3.56376,0.0640582,11899.9,0.0620496
30,0.88,-0.1,15,8.75509,5.14381,3.53853,0.519852,11852.1,0.405391
30,0.88,-0.1,16,8.7774,3.88353,3.55202,0.294921,11877.7,0.25541
30,0.88,-0.1,17,8.80769,4.29405,3.61876,0.422763,12002.8,0.344766
30,0.88,-0.1,18,8.73999,4.42242,3.60134,0.406448,11970.4,0.333989
30,0.88,-0.1,19,8.86552,4.59089,3.60987,0.340566,11986.3,0.288632
30,0.88,-0.1,20,8.72514,3.7127,3.57527,0.342857,11921.6,0.29026
30,0.88,-0.1,21,8.85257,4.62529,3.57958,0.328115,11929.7,0.27972
30,0.88,-0.1,22,8.81751,4.54817,3.52476,0.305256,11825.9,0.263065
30,0.88,-0.1,23,8.74985,3.89068,3.61293,0.333063,11992,0.283275
30,0.88,-0.1,24,8.77548,4.1603,3.58519,0.329305,11940.2,0.280577
30,0.88,-0.1,25,8.80511,3.97597,3.56915,0.317655,11910,0.272146
30,0.88,-0.1,26,8.90133,4.08573,3.59706,0.250909,11962.4,0.221907
30,0.88,-0.1,27,8.80259,3.49911,3.58367,0.24886,11937.3,0.220311
30,0.88,-0.1,28,8.82276,3.67381,3.58723,0.262485,11944,0.230862
30,0.88,-0.1,29,8.78757,3.71219,3.58128,0.315131,11932.8,0.270307
30,0.88,-0.1,30,8.85408,3.3756,3.58694,0.227879,11943.5,0.203779
30,0.88,-0.1,31,8.7711,3.97641,3.6053,0.375447,11977.8,0.313018
30,0.88,-0.1,32,8.81135,4.38437,3.56636,0.338343,11904.8,0.28705
30,0.88,-0.1,33,8.84345,3.74479,3.60196,0.302708,11971.5,0.261185
30,0.88,-0.1,34,8.7852,4.51243,3.60435,0.384735,11976,0.319369
30,0.88,-0.1,35,8.89504,4.34885,3.61188,0.317951,11990,0.272361
30,0.88,-0.1,36,8.79089,4.4119,3.60829,0.360068,11983.3,0.302371
30,0.88,-0.1,37,8.81693,4.70451,3.58083,0.341574,11932,0.289349
30,0.88,-0.1,38,8.74727,3.98887,3.59076,0.313653,11950.6,0.269228
30,0.88,-0.1,39,8.75963,3.88333,3.6149,0.343839,11995.6,0.290957
30,0.88,-0.1,40,8.7097,4.03341,3.60215,0.340316,11971.9,0.288455
30,0.88,-0.1,41,8.82909,4.09298,3.67824,0.29063,12112.4,0.252208
30,0.88,-0.1,42,8.80015,4.04221,3.60876,0.264617,11984.2,0.2325
30,0.88,-0.1,43,8.78101,3.93188,3.61088,0.290103,11988.2,0.251814
30,0.88,-0.1,44,8.73987,4.14164,3.59354,0.358807,11955.8,0.301491
30,0.88,-0.1,45,8.87861,4.01125,3.57056,0.287611,11912.7,0.249946
30,0.88,-0.1,46,8.8218,3.73072,3.60408,0.327427,11975.5,0.279224
30,0.88,-0.1,47,8.87882,3.52208,3.61392,0.234855,11993.8,0.209315
30,0.88,-0.1,48,8.77202,2.95046,3.61144,0.17027,11989.2,0.156563
30,0.88,-0.1,49,8.75505,4.00947,3.59844,0.302351,11965,0.260922
30,0.88,-0.1,50,8.75149,4.92052,3.57663,0.449394,11924.1,0.361986
30,0.88,-0.3,1,8.92918,3.85974,3.63491,0.381086,12032.7,0.316881
30,0.88,-0.3,2,8.93798,3.52526,3.57469,0.389155,11920.5,0.322371
30,0.88,-0.3,3,8.92246,4.53536,3.55269,0.590132,11879,0.445746
30,0.88,-0.3,4,9.01556,3.65625,3.54313,0.346441,11860.9,0.292799
30,0.88,-0.3,5,8.9855,4.7576,3.55167,0.410858,11877.1,0.336919
30,0.88,-0.3,6,8.91792,4.06014,3.58824,0.502508,11945.9,0.394989
30,0.88,-0.3,7,9.12389,1.97422,3.61715,0.0761009,11999.8,0.0732773
30,0.88,-0.3,8,8.99315,3.70941,3.52838,0.313804,11832.8,0.269338
30,0.88,-0.3,9,9.07377,4.2644,3.55893,0.329039,11890.8,0.280385
30,0.88,-0.3,10,8.95691,3.67741,3.52958,0.32154,11835.1,0.274968
30,0.88,-0.3,11,8.96853,5.0607,3.5498,0.584759,11873.5,0.44276
30,0.88,-0.3,12,8.94698,4.33384,3.55039,0.381979,11874.6,0.317491
30,0.88,-0.3,13,8.98418,4.74336,3.55386,0.462714,11881.2,0.370427
30,0.88,-0.3,14,8.98107,3.47486,3.56295,0.267626,11898.4,0.234806
30,0.88,-0.3,15,8.93447,3.84689,3.61245,0.379573,11991.1,0.315847
30,0.88,-0.3,16,9.01607,3.6846,3.51155,0.241059,11800.7,0.214204
30,0.88,-0.3,17,8.95017,3.52299,3.58884,0.313342,11947,0.269
30,0.88,-0.3,18,8.93474,4.89789,3.58506,0.540074,11939.9,0.417295
30,0.88,-0.3,19,8.96346,4.22228,3.56724,0.367177,11906.4,0.307313
30,0.88,-0.3,20,9.08653,3.10069,3.58887,0.189874,11947.1,0.172937
30,0.88,-0.3,21,8.91755,4.70245,3.55028,0.514115,11874.4,0.401971
30,0.88,-0.3,22,9.59232,2.10811,3.57216,0.0297328,11915.7,0.0292951
30,0.88,-0.3,23,8.96097,4.26322,3.52276,0.431967,11822.1,0.350769
30,0.88,-0.3,24,9.1074,2.19873,3.59712,0.0758667,11962.5,0.0730603
30,0.88,-0.3,25,8.92663,3.95829,3.5631,0.364409,11898.6,0.305393
30,0.88,-0.3,26,8.94787,3.04741,3.54155,0.33094,11857.9,0.281752
30,0.88,-0.3,27,9.14531,2.3643,3.53407,0.0893303,11843.7,0.0854566
30,0.88,-0.3,28,8.90713,4.39591,3.53834,0.524786,11851.8,0.408318
30,0.88,-0.3,29,9.01195,2.42634,3.55225,0.14102,11878.2,0.131528
30,0.88,-0.3,30,9.0464,3.37984,3.5345,0.244312,11844.5,0.216757
30,0.88,-0.3,31,9.04126,3.62828,3.57403,0.301614,11919.2,0.260376
30,0.88,-0.3,32,8.97214,3.70305,3.58715,0.371614,11943.8,0.310379
30,0.88,-0.3,33,8.91854,4.17371,3.53958,0.396525,11854.1,0.327347
30,0.88,-0.3,34,8.92043,3.82986,3.55873,0.31071,11890.4,0.267073
30,0.88,-0.3,35,8.9502,3.84459,3.5857,0.371133,11941.1,0.310048
30,0.88,-0.3,36,8.87334,4.32788,3.59628,0.52722,11960.9,0.409756
30,0.88,-0.3,37,8.887,5.12847,3.53729,0.564795,11849.8,0.431523
30,0.88,-0.3,38,8.94432,4.46932,3.54247,0.480677,11859.6,0.381635
30,0.88,-0.3,39,8.95281,3.96623,3.59693,0.363841,11962.1,0.304998
30,0.88,-0.3,40,8.94008,3.82512,3.54836,0.383303,11870.8,0.318394
30,0.88,-0.3,41,8.99548,3.79661,3.55858,0.320715,11890.1,0.27437
30,0.88,-0.3,42,8.94086,4.51739,3.55685,0.45677,11886.8,0.366674
30,0.88,-0.3,43,8.94097,4.39137,3.57942,0.442895,11929.4,0.357825
30,0.88,-0.3,44,8.92244,4.54568,3.5364,0.535071,11848.1,0.414372
30,0.88,-0.3,45,8.88738,4.9908,3.61272,0.572152,11991.6,0.43569
30,0.88,-0.3,46,8.97295,4.18457,3.54799,0.526526,11870.1,0.409347
30,0.88,-0.3,47,8.99224,4.07391,3.52339,0.356522,11823.3,0.299893
30,0.88,-0.3,48,9.01964,3.78281,3.57122,0.362641,11913.9,0.304164
30,0.88,-0.3,49,9.00751,3.91432,3.56446,0.346165,11901.2,0.292605
30,0.88,-0.3,50,8.97463,4.24586,3.53784,0.387382,11850.8,0.321168
30,0.88,-0.5,1,9.13797,4.31154,3.51589,0.680838,11809,0.493807
30,0.88,-0.5,2,9.23351,3.99155,3.51564,0.537544,11808.5,0.415819
30,0.88,-0.5,3,9.2027,4.76793,3.49166,1.04585,11762.5,0.648609
30,0.88,-0.5,4,9.33906,1.69126,3.51916,0.086541,11815.2,0.0829021
30,0.88,-0.5,5,9.24727,3.47623,3.48954,0.460593,11758.5,0.369091
30,0.88,-0.5,6,9.21905,3.81689,3.52626,0.560003,11828.8,0.428793
30,0.88,-0.5,7,9.22785,3.36516,3.47357,0.512128,11727.6,0.400781
30,0.88,-0.5,8,9.12893,4.20865,3.46358,0.685471,11708.3,0.496147
30,0.88,-0.5,9,9.19452,3.2314,3.46461,0.417535,11710.3,0.341332
30,0.88,-0.5,10,9.19459,5.14805,3.46721,1.09408,11715.3,0.665154
30,0.88,-0.5,11,9.23082,3.82391,3.43694,0.681949,11656.4,0.494369
30,0.88,-0.5,12,9.48466,1.76552,3.48356,0.0516512,11746.9,0.0503399
30,0.88,-0.5,13,9.22433,3.50585,3.4946,0.4703,11768.2,0.375185
30,0.88,-0.5,14,9.2084,4.3726,3.44462,0.645789,11671.4,0.475751
30,0.88,-0.5,15,9.22019,4.0676,3.46127,0.788989,11703.8,0.545696
30,0.88,-0.5,16,9.19974,3.96889,3.49226,0.886913,11763.7,0.588074
30,0.88,-0.5,17,9.15693,5.11606,3.5272,0.968825,11830.6,0.620471
30,0.88,-0.5,18,9.19584,4.88283,3.53486,0.740376,11845.2,0.523066
30,0.88,-0.5,19,9.10427,6.16359,3.45774,2.35675,11696.9,0.905273
30,0.88,-0.5,20,9.26303,2.24315,3.46999,0.142083,11720.7,0.132451
30,0.88,-0.5,21,9.17789,2.67213,3.52277,0.301923,11822.2,0.260605
30,0.88,-0.5,22,9.21522,4.36556,3.51155,0.665813,11800.7,0.486144
30,0.88,-0.5,23,9.23107,4.07264,3.50498,0.672868,11788.1,0.489757
30,0.88,-0.5,24,9.23394,4.66735,3.46392,0.946264,11708.9,0.611811
30,0.88,-0.5,25,9.2225,3.60061,3.50358,0.539518,11785.4,0.416971
30,0.88,-0.5,26,9.21063,3.06378,3.51685,0.544527,11810.8,0.419884
30,0.88,-0.5,27,9.16507,3.47875,3.47026,0.696667,11721.2,0.501757
30,0.88,-0.5,28,9.21294,4.40647,3.47721,0.972508,11734.7,0.621866
30,0.88,-0.5,29,9.41585,1.67451,3.47847,0.0540487,11737.1,0.0526141
30,0.88,-0.5,30,9.16659,3.8443,3.48479,0.55359,11749.3,0.425118
30,0.88,-0.5,31,9.13683,5.22493,3.49759,1.14272,11773.9,0.68105
30,0.88,-0.5,32,9.15277,4.43421,3.459,1.10068,11699.4,0.667354
30,0.88,-0.5,33,9.21259,4.06873,3.51083,0.736378,11799.3,0.521155
30,0.88,-0.5,34,9.16069,4.54233,3.48589,1.1933,11751.4,0.696781
30,0.88,-0.5,35,9.10196,3.92555,3.41319,0.762369,11609.8,0.53344
30,0.88,-0.5,36,9.21679,4.9505,3.50693,1.25244,11791.9,0.714195
30,0.88,-0.5,37,9.20753,4.74445,3.46527,0.751352,11711.5,0.528272
30,0.88,-0.5,38,9.23615,4.46546,3.45971,0.803323,11700.8,0.552162
30,0.88,-0.5,39,9.1543,3.61999,3.49861,0.633181,11775.9,0.469099
30,0.88,-0.5,40,9.45124,1.59383,3.48111,0.0489938,11742.2,0.0478129
30,0.88,-0.5,41,9.17375,3.89711,3.44592,0.876957,11673.9,0.583953
30,0.88,-0.5,42,9.1895,4.09077,3.50322,0.926866,11784.7,0.604208
30,0.88,-0.5,43,9.15014,3.97073,3.44675,0.68499,11675.5,0.495905
30,0.88,-0.5,44,9.19072,3.88885,3.43035,0.77874,11643.5,0.541016
30,0.88,-0.5,45,9.20952,3.45052,3.50029,0.645218,11779.1,0.475452
30,0.88,-0.5,46,9.18458,3.39311,3.49852,0.675964,11775.7,0.491334
30,0.88,-0.5,47,9.14789,3.929,3.4359,0.777141,11654.4,0.540281
30,0.88,-0.5,48,9.16275,4.19859,3.47428,0.788456,11729,0.545454
30,0.88,-0.5,49,9.14556,4.03013,3.43812,0.599458,11658.7,0.450891
30,0.88,-0.5,50,9.21726,4.6638,3.52481,0.866286,11826,0.579489
